29-03-2023,B08CN8XBMJ,"Farmley Premium W240 Whole Cashews, 100% Natural, Handpicked Kaju (250 g)",23317,91,4.4,0,Amazon Retail,119.6,,299,78,FALSE,"Cashews - 191
",,,,"https://m.media-amazon.com/images/S/aplus-media/sota/7758a3df-a7c1-4687-8ea3-ddc916911e66.__CR0,0,300,300_PT0_SX300_V1___.png",,,FALSE,,,,,,,,"Cashews - 191
",23317,29-03-2023
29-03-2023,B08CN8T6TQ,Farmley Premium Cashews | Mangalore Origin Kaju (250 g),835,1328,3.9,0,Amazon Retail,97.6,,244,234,FALSE,"Cashews - 8
",,,,"https://m.media-amazon.com/images/S/aplus-media-library-service-media/5c20cc71-85eb-47c0-b542-a43ca451b923.__CR0,0,970,600_PT0_SX970_V1___.png",,,FALSE,,,,,,,,"Cashews - 8
",835,29-03-2023
29-03-2023,B08PDFTVWJ,Farmley Premium Cashews | Mangalore Origin Kaju (500 g),835,1329,3.9,0,Amazon Retail,93.8,,469,234,FALSE,"Cashews - 8
",,,,"https://m.media-amazon.com/images/S/aplus-media-library-service-media/5c20cc71-85eb-47c0-b542-a43ca451b923.__CR0,0,970,600_PT0_SX970_V1___.png",,,FALSE,,,,,,,,"Cashews - 8
",835,29-03-2023
29-03-2023,B08P3JST18,Farmley Premium Thai Chilli Flavoured Roasted Dry Nut Cashew Snacks 200 gm | Rich in Protein | Crunchy & Delicious,9328,138,4.1,0,Amazon Retail,139.5,,279,76,FALSE,"Cashews - 67
",,,,"https://m.media-amazon.com/images/S/aplus-media/sota/a70f7bcd-094a-433a-b969-d07f0003ac48.__CR0,0,600,180_PT0_SX600_V1___.png",,,FALSE,,,,,,,,"Cashews - 67
",9328,29-03-2023
29-03-2023,B08P3PFM37,Farmley Premium Black Pepper Flavoured Roasted Dry Nut Cashew Snacks 200 gm | Rich in Protein | Crunchy & Delicious,8586,76,4.2,0,Amazon Retail,129.5,,259,29,FALSE,"Cashews - 63
",,,,"https://m.media-amazon.com/images/S/aplus-media/sota/a70f7bcd-094a-433a-b969-d07f0003ac48.__CR0,0,600,180_PT0_SX600_V1___.png",,,FALSE,,,,,,,,"Cashews - 63
",8586,29-03-2023
29-03-2023,B08P3QNN2F,Farmley Premium Classic Salted Roasted Dry Nut Cashew Snacks 200 gm | Rich in Protein | Crunchy & Delicious,9328,138,4.1,0,Amazon Retail,124.5,,249,76,FALSE,"Cashews - 67
",,,,"https://m.media-amazon.com/images/S/aplus-media/sota/a70f7bcd-094a-433a-b969-d07f0003ac48.__CR0,0,600,180_PT0_SX600_V1___.png",,,FALSE,,,,,,,,"Cashews - 67
",9328,29-03-2023
29-03-2023,B0B4DTRT1D,Farmley Premium Chatpata Flavoured Roasted Dry Nut Cashew Snacks 200 gm | Rich in Protein | Crunchy & Delicious,9328,138,4.1,0,Amazon Retail,144.5,,289,76,FALSE,"Cashews - 67
",,,,"https://m.media-amazon.com/images/S/aplus-media-library-service-media/db12fb78-c0a1-476e-b162-792c7d3f6d4d.__CR0,0,2021,1250_PT0_SX970_V1___.png",,,FALSE,,,,,,,,"Cashews - 67
",9328,29-03-2023
29-03-2023,B0B5GQ6QZV,Farmley Premium Apple Spice Flavoured Roasted Dry Nut Cashew Snacks 200 gm | Rich in Protein | Crunchy & Delicious,9328,138,4.1,0,Amazon Retail,139.5,,279,76,FALSE,"Cashews - 67
",,,,"https://m.media-amazon.com/images/S/aplus-media-library-service-media/db12fb78-c0a1-476e-b162-792c7d3f6d4d.__CR0,0,2021,1250_PT0_SX970_V1___.png",,,FALSE,,,,,,,,"Cashews - 67
",9328,29-03-2023
29-03-2023,B0BSXH5724,Farmley Premium Diced Mango Dried Fruits 200 gram | No Added Colours and Preservatives | Sweet and Delicious Real Mango Taste,146426,,,0,Amazon Retail,144.5,,289,0,FALSE,"Dried Fruits - 6912
",,,,,,,FALSE,,,,,,,,"Dried Fruits - 6912
",146426,29-03-2023
29-03-2023,B0BT1SK2LT,Farmley Premium Diced Pineapple Dried Fruits 200 gram | No Added Colours and Preservatives | Sweet and Delicious Real Pineapple Taste,122772,,,0,Amazon Retail,129.5,,259,0,FALSE,"Dried Fruits - 5769
",,,,,,,FALSE,,,,,,,,"Dried Fruits - 5769
",122772,29-03-2023
29-03-2023,B0BT1MVLR7,Farmley Premium Diced Papaya Dried Fruits 200 gram | No Added Colours and Preservatives | Sweet and Delicious Real Papaya Taste,,,,0,Amazon Retail,99.5,,199,0,FALSE,,,,,,,,FALSE,,,,,,,,,,29-03-2023
29-03-2023,B0BT1TH3QH,Farmley Premium Whole Dried Strawberry 200 gram | No Added Colours and Preservatives | Sweet and Delicious Real Strawberries Taste,42674,,,0,Amazon Retail,174.5,,349,0,FALSE,"Dried Cranberries - 80
",,,,,,,FALSE,,,,,,,,"Dried Cranberries - 80
",42674,29-03-2023
29-03-2023,B09MM96YC4,"Farmley Premium Mixed Dry Fruits Panchmeva Superfood Tasty & Trail Mix Healthy Snacks Contains Almond,Cashew,Dates,Green And Black Raisins 450 Gm",1912,375,4.1,0,Amazon Retail,82,,369,67,FALSE,"Mixed Dried Fruits - 15
",,,,"https://m.media-amazon.com/images/W/IMAGERENDERING_521856-T1/images/S/aplus-media-library-service-media/13b95e93-9ae4-41fa-9227-d88000b4f763.__CR0,0,4042,2500_PT0_SX970_V1___.jpg",,,FALSE,,,,,,,,"Mixed Dried Fruits - 15
",1912,29-03-2023
29-03-2023,B09ZVD4V19,"Farmley Premium Mixed Dry Fruits Panchmeva Superfood Tasty & Healthy Snacks Contains Almond,Cashew,Dates,Green and Black Raisins 200 Gm",1912,375,4.1,0,Amazon Retail,99.5,,199,67,FALSE,"Mixed Dried Fruits - 15
",,,,"https://m.media-amazon.com/images/W/IMAGERENDERING_521856-T1/images/S/aplus-media-library-service-media/13b95e93-9ae4-41fa-9227-d88000b4f763.__CR0,0,4042,2500_PT0_SX970_V1___.jpg",,,FALSE,,,,,,,,"Mixed Dried Fruits - 15
",1912,29-03-2023
29-03-2023,B09LD3528Z,Farmley 5-In-1 Seed Mix - 200g | Chia seeds | Pumpkin seeds | Healthy snacks | Mix seeds | Weight loss | High protein | Gluten free | Roasted seeds | Superfood | Vegan |Ready to eat,15213,63,4,0,Connedit Business Solutions pvt ltd.,99.5,,199,10,FALSE,"Mixed Nuts - 126
",,,,"https://m.media-amazon.com/images/W/IMAGERENDERING_521856-T1/images/S/aplus-media-library-service-media/ef244408-b2bb-44c4-8f28-a3efb787603b.__CR0,0,4042,2500_PT0_SX970_V1___.jpg",,,FALSE,,,,,,,,"Mixed Nuts - 126
",15213,29-03-2023
29-03-2023,B09LD3ZB96,Farmley 8-in-1 Berry Mix 200g | Dried Berries | Healthy Snacks | Cranberry | Blueberry | Strawberry | Goji Berry | Black Raisin | Antioxidants | Gluten free| Berries | Kids Snacks | Vegan,4399,163,4.1,0,Amazon Retail,124.5,,249,31,FALSE,"Mixed Dried Fruits - 23
",,,,"https://m.media-amazon.com/images/W/IMAGERENDERING_521856-T1/images/S/aplus-media-library-service-media/b8b8fa43-59f0-4917-a594-eaf9e7226ad2.__CR0,0,4042,2500_PT0_SX970_V1___.jpg",,,FALSE,,,,,,,,"Mixed Dried Fruits - 23
",4399,29-03-2023
29-03-2023,B09LD1S4RX,Farmley 7-In-1 Trail Dry Fruit Mix- 200g | Almond | Cashew | Blueberry | Cranberry | Healthy Snacks | Nuts | Dry fruits | Berries | Superfood | Antioxidants | Vegan | High protein | Roasted seeds,7199,80,4.1,0,Amazon Retail,99.5,,199,31,FALSE,"Mixed Nuts - 64
",,,,"https://m.media-amazon.com/images/W/IMAGERENDERING_521856-T1/images/S/aplus-media-library-service-media/c2026848-9975-4943-8308-f606af5477c0.__CR0,0,4042,2500_PT0_SX970_V1___.jpg",,,FALSE,,,,,,,,"Mixed Nuts - 64
",7199,29-03-2023
29-03-2023,B0BS8RDYBC,"Farmley Peri Peri Masala Party Mixed Nuts 500 g Healthy Snacks Contains Mixed Dry Fruits, Nuts And Seeds",24413,28,4.1,0,Amazon Retail,79.8,,399,27,FALSE,"Mixed Nuts - 208
",,,,,,,FALSE,,,,,,,,"Mixed Nuts - 208
",24413,29-03-2023
29-03-2023,B09TB9R9X1,Farmley Makhana Penne Pasta | High Protein Healthy Diet | Maida Free & Cholesterol Free Pasta 400 grams,6360,206,4,0,Amazon Retail,29.75,,119,83,FALSE,"Short Pasta - 73
",,,,"https://m.media-amazon.com/images/W/IMAGERENDERING_521856-T1/images/S/aplus-media-library-service-media/3886ddf2-e1ed-43b6-a1e7-0dc7e1b6ba81.__CR0,0,2021,1250_PT0_SX970_V1___.jpg",,,FALSE,,,,,,,,"Short Pasta - 73
",6360,29-03-2023
29-03-2023,B09TBC2VVC,Farmley Makhana Macaroni Pasta | High Protein Healthy Diet | Maida Free & Cholesterol Free Pasta 400 grams,19042,128,3.7,0,Amazon Retail,29.75,,119,59,FALSE,"Ready To Eat & Cook - 480
",,,,"https://m.media-amazon.com/images/W/IMAGERENDERING_521856-T1/images/S/aplus-media-library-service-media/3886ddf2-e1ed-43b6-a1e7-0dc7e1b6ba81.__CR0,0,2021,1250_PT0_SX970_V1___.jpg",,,FALSE,,,,,,,,"Ready To Eat & Cook - 480
",19042,29-03-2023
29-03-2023,B09J578NDM,"Farmley Prasadam Makhana, 100% Natural & Crunchy (200 g)",664,694,4.1,0,Amazon Retail,75,,150,43,FALSE,"Puffed Snacks - 9
",,,,,,,FALSE,,,,,,,,"Puffed Snacks - 9
",664,29-03-2023
29-03-2023,B08CN8VX1C,"Farmley, Makhana Fox Nuts Handpicked, Premium Phool Makhana,Crispy and Large in Size, 250 g",5156,294,4.1,0,Amazon Retail,96.8,,242,21,FALSE,"Puffed Snacks - 51
",,,,"https://m.media-amazon.com/images/S/aplus-media/sota/a0f452f7-91da-41b2-8242-8c4b104d14e5.__CR0,0,300,300_PT0_SX300_V1___.png",,,FALSE,,,,,,,,"Puffed Snacks - 51
",5156,29-03-2023
29-03-2023,B08Q3K9XKC,"Farmley Cream & Onion Roasted & Flavored Makhana Jar 180 g (Pack of 2, Each 90 g)",617,843,4,0,Amazon Retail,131.11,,236,118,FALSE,"Puffed Snacks - 8
",,,,"https://m.media-amazon.com/images/S/aplus-media-library-service-media/321d0446-d980-4125-96a4-73defbcf1091.__CR0,0,2021,1250_PT0_SX970_V1___.png",,,FALSE,,,,,,,,"Puffed Snacks - 8
",617,29-03-2023
29-03-2023,B0B2WYL9SC,Farmley Roasted & Flavoured Cream Onion Healthy Makhana Snacks 90 gm,617,840,4,0,Amazon Retail,143.33,,129,118,FALSE,"Puffed Snacks - 8
",,,,"https://m.media-amazon.com/images/S/aplus-media-library-service-media/321d0446-d980-4125-96a4-73defbcf1091.__CR0,0,2021,1250_PT0_SX970_V1___.png",,,FALSE,,,,,,,,"Puffed Snacks - 8
",617,29-03-2023
29-03-2023,B0B2S1BNG1,Farmley Roasted & Flavoured Minty Pudina Healthy Makhana Snacks 90 gm,617,843,4,0,Amazon Retail,143.33,,129,118,FALSE,"Puffed Snacks - 8
",,,,"https://m.media-amazon.com/images/S/aplus-media-library-service-media/321d0446-d980-4125-96a4-73defbcf1091.__CR0,0,2021,1250_PT0_SX970_V1___.png",,,FALSE,,,,,,,,"Puffed Snacks - 8
",617,29-03-2023
29-03-2023,B08Q3K7JSF,"Farmley Minty Pudina Roasted & Flavored Makhana Jar 180 g (Pack of 2, Each 90 g)",617,843,4,0,Amazon Retail,132.78,,239,118,FALSE,"Puffed Snacks - 8
",,,,"https://m.media-amazon.com/images/S/aplus-media-library-service-media/321d0446-d980-4125-96a4-73defbcf1091.__CR0,0,2021,1250_PT0_SX970_V1___.png",,,FALSE,,,,,,,,"Puffed Snacks - 8
",617,29-03-2023
29-03-2023,B08Q3PLXJ8,"Farmley Peri Peri Roasted & Flavored Makhana Jar 180 g (Pack of 2, Each 90 g)",617,843,4,0,Amazon Retail,132.78,,239,118,FALSE,"Puffed Snacks - 8
",,,,"https://m.media-amazon.com/images/S/aplus-media-library-service-media/321d0446-d980-4125-96a4-73defbcf1091.__CR0,0,2021,1250_PT0_SX970_V1___.png",,,FALSE,,,,,,,,"Puffed Snacks - 8
",617,29-03-2023
29-03-2023,B0B4DDGL3J,Farmley Roasted & Flavoured Peri Peri Healthy Makhana Snacks 90 gm,13583,1,4,0,Amazon Retail,143.33,,129,0,FALSE,"Puffed Snacks - 134
",,,,,,,FALSE,,,,,,,,"Puffed Snacks - 134
",13583,29-03-2023
29-03-2023,B08Q3P339R,"Farmley Tangy Tomato Roasted & Flavored Makhana Jar 180 g (Pack of 2, Each 90 g)",617,843,4,0,Amazon Retail,138.33,,249,118,FALSE,"Puffed Snacks - 8
",,,,"https://m.media-amazon.com/images/S/aplus-media-library-service-media/321d0446-d980-4125-96a4-73defbcf1091.__CR0,0,2021,1250_PT0_SX970_V1___.png",,,FALSE,,,,,,,,"Puffed Snacks - 8
",617,29-03-2023
29-03-2023,B0B3XDJ7GY,Farmley Roasted & Flavoured Tangy Tamato Healthy Makhana Snacks 90 gm,617,840,4,0,Amazon Retail,143.33,,129,118,FALSE,"Puffed Snacks - 8
",,,,"https://m.media-amazon.com/images/S/aplus-media-library-service-media/321d0446-d980-4125-96a4-73defbcf1091.__CR0,0,2021,1250_PT0_SX970_V1___.png",,,FALSE,,,,,,,,"Puffed Snacks - 8
",617,29-03-2023
29-03-2023,B08Q3BS1DL,"Farmley Roasted & Himalayan Salted Makhana Jar, Crispy & Healthy 180G (Pack of 2, Each- 90G)",617,843,4,0,Amazon Retail,138.33,,249,118,FALSE,"Puffed Snacks - 8
",,,,"https://m.media-amazon.com/images/S/aplus-media-library-service-media/321d0446-d980-4125-96a4-73defbcf1091.__CR0,0,2021,1250_PT0_SX970_V1___.png",,,FALSE,,,,,,,,"Puffed Snacks - 8
",617,29-03-2023
29-03-2023,B0B2WZFTPQ,Farmley Roasted & Flavoured Himalayan Salted Healthy Makhana Snacks 90 gm,617,840,4,0,Amazon Retail,143.33,,129,118,FALSE,"Puffed Snacks - 8
",,,,"https://m.media-amazon.com/images/S/aplus-media-library-service-media/321d0446-d980-4125-96a4-73defbcf1091.__CR0,0,2021,1250_PT0_SX970_V1___.png",,,FALSE,,,,,,,,"Puffed Snacks - 8
",617,29-03-2023
29-03-2023,B09W313T9V,"Farmley Makhana Macaroni Pasta | High Protein Healthy Diet | Maida Free & Cholesterol Free Pasta Pack of 2, Each 400 g",19042,128,3.7,0,Amazon Retail,28.63,,229,59,FALSE,"Ready To Eat & Cook - 480
",,,,"https://m.media-amazon.com/images/W/IMAGERENDERING_521856-T1/images/S/aplus-media-library-service-media/3886ddf2-e1ed-43b6-a1e7-0dc7e1b6ba81.__CR0,0,2021,1250_PT0_SX970_V1___.jpg",,,FALSE,,,,,,,,"Ready To Eat & Cook - 480
",19042,29-03-2023
29-03-2023,B09V82KXT9,"Farmley Makhana Macaroni & Penne Pasta | High Protein Healthy Diet | Maida Free & Cholesterol Free Pasta Combo Pack, Each 400 g",8698,32,4,0,Amazon Retail,28.63,,229,9,FALSE,"Short Pasta - 93
",,,,"https://m.media-amazon.com/images/W/IMAGERENDERING_521856-T1/images/S/aplus-media-library-service-media/3886ddf2-e1ed-43b6-a1e7-0dc7e1b6ba81.__CR0,0,2021,1250_PT0_SX970_V1___.jpg",,,FALSE,,,,,,,,"Short Pasta - 93
",8698,29-03-2023
29-03-2023,B09W2Y9NFX,"Farmley Makhana Penne Pasta | High Protein Healthy Diet | Maida Free & Cholesterol Free Pasta Pack of 2, Each 400 g",23216,206,4,0,Amazon Retail,28.63,,229,83,FALSE,"Ready To Eat & Cook - 582
",,,,"https://m.media-amazon.com/images/W/IMAGERENDERING_521856-T1/images/S/aplus-media-library-service-media/3886ddf2-e1ed-43b6-a1e7-0dc7e1b6ba81.__CR0,0,2021,1250_PT0_SX970_V1___.jpg",,,FALSE,,,,,,,,"Ready To Eat & Cook - 582
",23216,29-03-2023
29-03-2023,B09J4MWH4V,Farmley Prasadam Makhana Fox Nuts 100 g | Big Size Phool Makhana Indian Snacks,664,694,4.1,0,Amazon Retail,85,,85,43,FALSE,"Puffed Snacks - 9
",,,,,,,FALSE,,,,,,,,"Puffed Snacks - 9
",664,29-03-2023
29-03-2023,B09PLC8Z1X,"Farmley Roasted & Flavoured Makhana- Minty Pudina, Peri Peri, Tangy Tomato, Cream & Onion (Pack of 4, 90 g Each)",617,843,4,0,Amazon Retail,135.83,,489,118,FALSE,"Puffed Snacks - 8
",,,,"https://m.media-amazon.com/images/S/aplus-media-library-service-media/321d0446-d980-4125-96a4-73defbcf1091.__CR0,0,2021,1250_PT0_SX970_V1___.png",,,FALSE,,,,,,,,"Puffed Snacks - 8
",617,29-03-2023
29-03-2023,B08PDDM6L6,Farmley Premium Raisins (Kishmish) 1 Kg,2520,395,4.1,0,Amazon Retail,380,,380,45,FALSE,"Raisins - 22
",,,,,,,FALSE,,,,,,,,"Raisins - 22
",2520,29-03-2023
29-03-2023,B08CNB4DMR,Farmley Premium Raisins (Kishmish) 200g,2520,395,4.1,0,Amazon Retail,89,,89,45,FALSE,"Raisins - 22
",,,,"https://m.media-amazon.com/images/W/IMAGERENDERING_521856-T1/images/S/aplus-media/sota/c4b2ac5c-96fe-46d0-9308-fe53a9ae8203.__CR0,0,300,300_PT0_SX300_V1___.jpg",,,FALSE,,,,,,,,"Raisins - 22
",2520,29-03-2023
29-03-2023,B08R2X1W15,Farmley Premium Raisins (Kishmish) 500g,2520,395,4.1,0,Amazon Retail,189,,189,45,FALSE,"Raisins - 22
",,,,,,,FALSE,,,,,,,,"Raisins - 22
",2520,29-03-2023
29-03-2023,B09WVXDLLC,"Farmley Premium Afghani Dried Anjeer Rich Source of Vitamins Dietary Fiber Figs Dry Fruits Pack Of 2 , Each 200g",13329,219,3.9,0,Connedit Business Solutions pvt ltd.,334.5,,669,64,FALSE,"Anjeer (Figs) - 66
",,,,,,,FALSE,,,,,,,,"Anjeer (Figs) - 66
",13329,29-03-2023
29-03-2023,B09WYVFW41,"Farmley Premium Fard Dates (800g)- Pack of 2, Each 400g",3263,7,4.6,0,Connedit Business Solutions pvt ltd.,72.38,,579,,FALSE,"Dried Dates - 36
",,,,,,,FALSE,,,,,,,,"Dried Dates - 36
",3263,29-03-2023
29-03-2023,B09XFLFWKJ,"Farmley Premium Munakka, 100% Natural, Nutrient Rich, 400 Gram (Pack of 2, Each- 200g)",20842,252,4.1,0,Connedit Business Solutions pvt ltd.,109.75,,439,22,FALSE,"Besan (Gram Flour) - 36
",,,,,,,FALSE,,,,,,,,"Besan (Gram Flour) - 36
",20842,29-03-2023
29-03-2023,B08PDBJ93R,Farmley Selecta Green Raisin Long 400g Pack of 2 (Each 200g),2201,395,4.1,0,Connedit Business Solutions pvt ltd.,62.25,,249,45,FALSE,"Raisins - 20
",,,,,,,FALSE,,,,,,,,"Raisins - 20
",2201,29-03-2023
29-03-2023,B0B6BL2BS1,"Farmley Roasted & Flavoured Healthy Makhana Snacks - Minty Pudina, Peri Peri, Tangy Tomato, Cream & Onion, Himalayan Salted | (Combo Pack of 5, 90 g Each) | Party Snacks | Namkeen Snacks | Mix Masala Snacks",617,843,4,0,Connedit Business Solutions pvt ltd.,135.33,,609,118,FALSE,"Puffed Snacks - 8
",,,,"https://m.media-amazon.com/images/S/aplus-media-library-service-media/321d0446-d980-4125-96a4-73defbcf1091.__CR0,0,2021,1250_PT0_SX970_V1___.png",,,FALSE,,,,,,,,"Puffed Snacks - 8
",617,29-03-2023
29-03-2023,B09S6P2G77,"Farmley 8-In-1 Premium Dried Berries Mixed & Healthly Snacks Contains Cranberry,Black Raisins,Strawberry,Black Currant & More Pack Of 2 , Each 200 Gm",3916,163,4.1,0,Connedit Business Solutions pvt ltd.,112.25,,449,31,FALSE,"Mixed Dried Fruits - 18
",,,,"https://m.media-amazon.com/images/W/IMAGERENDERING_521856-T1/images/S/aplus-media-library-service-media/b8b8fa43-59f0-4917-a594-eaf9e7226ad2.__CR0,0,4042,2500_PT0_SX970_V1___.jpg",,,FALSE,,,,,,,,"Mixed Dried Fruits - 18
",3916,29-03-2023
29-03-2023,B09S6QBZZC,"Farmley 7-In-1 Premium Trail Mixed Dry Fruit & Healthly Snacks Contains Almond , Cashew , Pumpkin & Sun Flowers Seeds & More Pack Of 2 , Each 200 Gm",7199,80,4.1,0,Connedit Business Solutions pvt ltd.,99.75,,399,31,FALSE,"Mixed Nuts - 64
",,,,"https://m.media-amazon.com/images/W/IMAGERENDERING_521856-T1/images/S/aplus-media-library-service-media/c2026848-9975-4943-8308-f606af5477c0.__CR0,0,4042,2500_PT0_SX970_V1___.jpg",,,FALSE,,,,,,,,"Mixed Nuts - 64
",7199,29-03-2023
29-03-2023,B09S6PSXG7,"Farmley 5-In-1 Premium Mix Seeds For Eating & Healthly Snacks Contains Pumpkin,Chia,Flax,Sunflower,Watermelon Seeds Pack Of 2 , Each 200 Gm",20379,10,4.2,0,Connedit Business Solutions pvt ltd.,82.25,,329,0,FALSE,"Mixed Nuts - 172
",,,,"https://m.media-amazon.com/images/W/IMAGERENDERING_521856-T1/images/S/aplus-media-library-service-media/ef244408-b2bb-44c4-8f28-a3efb787603b.__CR0,0,4042,2500_PT0_SX970_V1___.jpg",,,FALSE,,,,,,,,"Mixed Nuts - 172
",20379,29-03-2023
29-03-2023,B0B69791S8,"Farmley Premium Mixed Dry Fruits Panchmeva Superfood Tasty & Healthy Snacks Contains Almond,Cashew,Dates,Green And Black Raisins Pack Of 2 , Each 200 Gm",1912,375,4.1,0,Connedit Business Solutions pvt ltd.,89.75,,359,67,FALSE,"Mixed Dried Fruits - 15
",,,,"https://m.media-amazon.com/images/W/IMAGERENDERING_521856-T1/images/S/aplus-media-library-service-media/13b95e93-9ae4-41fa-9227-d88000b4f763.__CR0,0,4042,2500_PT0_SX970_V1___.jpg",,,FALSE,,,,,,,,"Mixed Dried Fruits - 15
",1912,29-03-2023
29-03-2023,B09XR5BKYM,"Farmley Premium California Roasted & Salted Pistachios Whole Shelled Pista Dry Fruits Pack Of 2 , Each 200 Gm",20188,212,4.1,0,Connedit Business Solutions pvt ltd.,174.75,,699,71,FALSE,"Pistachios - 83
",,,,,,,FALSE,,,,,,,,"Pistachios - 83
",20188,29-03-2023
29-03-2023,B09WYS7Z7G,"Farmley Premium California Without Shell Walnut Kernels Pack Of 2 , Each 200g | Rich in Protein & Antioxidants | Natural Akhrot Giri Dry Fruit Vacuum Packed",4309,286,4.1,0,Connedit Business Solutions pvt ltd.,169.75,,679,104,FALSE,"Walnuts - 46
",,,,,,,FALSE,,,,,,,,"Walnuts - 46
",4309,29-03-2023
29-03-2023,B0B4DNGYF1,Farmley Premium Fard Dates (400g),67936,57,4.2,0,Connedit Business Solutions pvt ltd.,82.25,,329,48,FALSE,"Dried Dates - 796
",,,,,,,FALSE,,,,,,,,"Dried Dates - 796
",67936,29-03-2023
29-03-2023,B0B3MV8X6X,Farmley Premium Dry Fruits Combo Pack (Almond Cashew Walnut Raisin),98916,,,0,Connedit Business Solutions pvt ltd.,899,,899,0,FALSE,"Mixed Dried Fruits - 1034
",,,,,,,FALSE,,,,,,,,"Mixed Dried Fruits - 1034
",98916,29-03-2023
29-03-2023,B0B3MMMFRP,Farmley Premium Dry Fruits Combo Pack (Almond Cashew Walnut Raisin Pistachios),166559,1,1,0,Connedit Business Solutions pvt ltd.,1449,,1449,0,FALSE,"Mixed Dried Fruits - 1872
",,,,,,,FALSE,,,,,,,,"Mixed Dried Fruits - 1872
",166559,29-03-2023
29-03-2023,B0B3MWDTT8,Farmley Premium Dry Fruits Combo Pack (Almond Cashew Pistachios),167429,2,3,0,Connedit Business Solutions pvt ltd.,879,,879,,FALSE,"Mixed Dried Fruits - 1880
",,,,,,,FALSE,,,,,,,,"Mixed Dried Fruits - 1880
",167429,29-03-2023
29-03-2023,B0B3MB7DM4,"Farmley Premium Mix Nuts and Dry Fruits Combo Pack (Almond 250 g, Cashew 250 g, Pistachios 200 g, Raisin 200 g)",51279,2,2.3,0,Connedit Business Solutions pvt ltd.,88.78,,799,,FALSE,"Mixed Dried Fruits - 457
",,,,,,,FALSE,,,,,,,,"Mixed Dried Fruits - 457
",51279,29-03-2023
29-03-2023,B0BN1JBMHC,Farmley Premium Dry Fruits Combo Pack Almond 250 g & Cashew 250 g Total 500 g | Sources of Protein And Fiber Almond Cashew Combo,19351,30,3.9,0,Connedit Business Solutions pvt ltd.,539,,539,2,FALSE,"Mixed Dried Fruits - 146
",,,,,,,FALSE,,,,,,,,"Mixed Dried Fruits - 146
",19351,29-03-2023
29-03-2023,B0B3MQGG6V,"Farmley Premium Dry Fruits Combo Pack Almond 250 g ,Cashew 250 g & Raisin 200 g | Mixed Nuts Sources of Protein And Fiber",118750,2,4,0,Connedit Business Solutions pvt ltd.,619,,619,0,FALSE,"Mixed Nuts - 1068
",,,,,,,FALSE,,,,,,,,"Mixed Nuts - 1068
",118750,29-03-2023
29-03-2023,B0B7DL1K2C,Farmley Premium Dry Fruits Combo Pack Almond 500 g & Cashew 500 g Total 1 Kg | Sources of Protein And Fiber Almond Cashew Combo,19351,30,3.9,0,Connedit Business Solutions pvt ltd.,949,,949,2,FALSE,"Mixed Dried Fruits - 146
",,,,,,,FALSE,,,,,,,,"Mixed Dried Fruits - 146
",19351,29-03-2023
29-03-2023,B0B97PJV4T,"Farmley Premium Roasted Dry Nut Cashew Snacks Pack of 2, each 200 gm | Rich in Protein | Crunchy & Delicious (Apple Spice, 400 gram)",10833,7,3.8,0,Connedit Business Solutions pvt ltd.,142.25,,569,2,FALSE,"Cashews - 75
",,,,"https://m.media-amazon.com/images/S/aplus-media-library-service-media/99a84c2d-ad33-42a2-81e4-537d1413f203.__CR0,0,4042,2500_PT0_SX970_V1___.png",,,FALSE,,,,,,,,"Cashews - 75
",10833,29-03-2023
29-03-2023,B0B97R5CBX,"Farmley Premium Roasted Dry Nut Cashew Snacks Pack of 2, each 200 gm | Rich in Protein | Crunchy & Delicious (Chatpata, 400 gram)",10833,7,3.8,0,Connedit Business Solutions pvt ltd.,142.25,,569,2,FALSE,"Cashews - 75
",,,,"https://m.media-amazon.com/images/S/aplus-media-library-service-media/99a84c2d-ad33-42a2-81e4-537d1413f203.__CR0,0,4042,2500_PT0_SX970_V1___.png",,,FALSE,,,,,,,,"Cashews - 75
",10833,29-03-2023
29-03-2023,B0B97SR56W,"Farmley Premium Chatpata,Thai Chilli,Black Pepper,Apple Spice & Classic Salted Flavoured Roasted Dry Nut Cashew Snacks Combo Pack, each 200 gm | Rich in Protein | Crunchy & Delicious",92974,,,0,Connedit Business Solutions pvt ltd.,134.9,,1349,0,FALSE,"Cashews - 835
",,,,"https://m.media-amazon.com/images/S/aplus-media-library-service-media/db12fb78-c0a1-476e-b162-792c7d3f6d4d.__CR0,0,2021,1250_PT0_SX970_V1___.png",,,FALSE,,,,,,,,"Cashews - 835
",92974,29-03-2023
29-03-2023,B0B97NP68C,"Farmley Premium Roasted Dry Nut Cashew Snacks Pack of 2, each 200 gm | Rich in Protein | Crunchy & Delicious (Black Pepper, 400 gram)",10833,7,3.8,0,Connedit Business Solutions pvt ltd.,142.25,,569,2,FALSE,"Cashews - 75
",,,,"https://m.media-amazon.com/images/S/aplus-media-library-service-media/db12fb78-c0a1-476e-b162-792c7d3f6d4d.__CR0,0,2021,1250_PT0_SX970_V1___.png",,,FALSE,,,,,,,,"Cashews - 75
",10833,29-03-2023
29-03-2023,B0B97HX6Z2,"Farmley Premium Roasted Dry Nut Cashew Snacks Pack of 2, each 200 gm | Rich in Protein | Crunchy & Delicious (Classic Salted, 400 gram)",10833,7,3.8,0,Connedit Business Solutions pvt ltd.,124.75,,499,2,FALSE,"Cashews - 75
",,,,"https://m.media-amazon.com/images/S/aplus-media-library-service-media/db12fb78-c0a1-476e-b162-792c7d3f6d4d.__CR0,0,2021,1250_PT0_SX970_V1___.png",,,FALSE,,,,,,,,"Cashews - 75
",10833,29-03-2023
29-03-2023,B0B97ML1MZ,"Farmley Premium Roasted Dry Nut Cashew Snacks Pack of 2, each 200 gm | Rich in Protein | Crunchy & Delicious (Thai Chilli, 400 gram)",10833,7,3.8,0,Connedit Business Solutions pvt ltd.,142.25,,569,2,FALSE,"Cashews - 75
",,,,"https://m.media-amazon.com/images/S/aplus-media-library-service-media/db12fb78-c0a1-476e-b162-792c7d3f6d4d.__CR0,0,2021,1250_PT0_SX970_V1___.png",,,FALSE,,,,,,,,"Cashews - 75
",10833,29-03-2023
