04-03-2023,9355615604,Examcart Bihar CET B.Ed Entrance Exam Guide Book in hindi for 2023 Exam,4100,26,4.6,6,Manav Book World,399.0,37.0,250.0,23,False,"B.Ed Entrance Exams - 1
State Public Service Exams - 51
UPSC Civil Services - 100
",456,709 ,,"https://m.media-amazon.com/images/S/aplus-media-library-service-media/fc704ced-e14b-442a-aa39-23e7f4c977b2.__CR0,87,3600,2227_PT0_SX970_V1___.jpg","Book Structure-Chapter-wise collection of 1600+ important questions.Includes previous yearsâ€™ solved papers (2018-2022).Includes syllabus and exam pattern.Â Book Key Features-Theory based on Bihar CET B.Ed latest syllabus and previous yearsâ€™ questions.Includes analytical charts from 2018-2022.Â Why is this book the best?You donâ€™t need multiple books for Bihar CET B.Ed preparation, this one book is enough.The book includes in-depth theory which will clarify all your concepts.First prepare and then practice important questions provided at the end of each topic.Â This book will help you ensure that you crack Bihar CET B.Ed exam.  Read more","https://m.media-amazon.com/images/I/61LucxhWllL._SX620_BO1,204,203,200_.jpg",True,Agrawal Examcart,https://adcpub.s3.ap-south-1.amazonaws.com/adc/DetailedCB10460.jpg,CB1046,399.00,Examcart Bihar CET B.Ed Entrance Exam Guide Book in hindi for 2023 Exam,B.Ed Entrance Exams,Active & Starred,"B.Ed Entrance Exams - 1
State Public Service Exams - 51
UPSC Civil Services - 100
",4100,04-03-2023,Single,Paperback â€“ 19 August 2022
04-03-2023,9355615566,"Examcart Uttar Pradesh Police Sub Inspector (SI) (Civil Police, Platoon Commander, PAC & Fire Brigade Officer) Guidebook in Hindi for 2022-23 Exam",338314,20,4.9,5,Cocoblu Retail,549.0,46.0,294.0,20,False,"Police Exams - 283
",719,170 ,,"https://m.media-amazon.com/images/S/aplus-media-library-service-media/5ee102b2-7aaa-4bca-bf68-52ab541a4719.__CR0,87,3600,2227_PT0_SX970_V1___.jpg",Book Structure-Chapter-wise theoryChapter-wise collection of 2600+ important questionsPrevious years solved papers (2021 and 2017)Subjects covered- à¤¸à¤¾à¤®à¤¾à¤¨à¥à¤¯ à¤¹à¤¿à¤¨à¥à¤¦à¥€ | à¤®à¥‚à¤² à¤µà¤¿à¤§à¤¿ / à¤¸à¤‚à¤µà¤¿à¤§à¤¾à¤¨ / à¤¸à¤¾à¤®à¤¾à¤¨à¥à¤¯ à¤œà¥à¤à¤¾à¤¨ | à¤¸à¤‚à¤–à¥à¤¯à¤¾à¤¤à¥à¤®à¤• à¤à¤µà¤‚ à¤®à¤¾à¤¨à¤¸à¤¿à¤• à¤¯à¥‹à¤—à¥à¤¯à¤¤à¤¾ | à¤®à¤¾à¤¨à¤¸à¤¿à¤• à¤…à¤­à¤¿à¤°à¥à¤šà¤¿ à¤ªà¤°à¥€à¤•à¥à¤·à¤¾ / à¤¬à¥à¤¦à¥à¤§à¤¿à¤²à¤¬à¥à¤§à¤¿ à¤ªà¤°à¥€à¤•à¥à¤·à¤¾ / à¤¤à¤¾à¤°à¥à¤•à¤¿à¤• à¤ªà¤°à¥€à¤•à¥à¤·à¤¾Â Book Key Features-Theory is based on the latest syllabus and previous yearsâ€™ questions.Analytical chart of 2021 and 2017 question papers.Â Why is this book the best?One book that will help you with both preparation and practice.If you study this book thoroughly then you are likely to crack the exam.This is the best UPSI Guidebook because it includes detailed theory and lots of questions for practice.We assure you that â€˜paper pakka fasegaâ€™ from this book.  Read more,"https://m.media-amazon.com/images/I/61xaAzuBUHL._SX620_BO1,204,203,200_.jpg",False,Agrawal Examcart,https://adcpub.s3.ap-south-1.amazonaws.com/adc/CB1044CB10440.pdf,CB1044,549.00,"Examcart Uttar Pradesh Police Sub Inspector (SI) (Civil Police, Platoon Commander, PAC & Fire Brigade Officer) Guidebook in Hindi for 2022-23 Exam",Police Exams,Active & Starred,"Police Exams - 283
",338314,04-03-2023,Single,Paperback â€“ 19 August 2022
04-03-2023,9355615574,"Examcart Uttar Pradesh Sub Inspector (SI) (Civil Police, Platoon Commander, PAC & Fire Brigade Officer) Practice Sets in Hindi For 2022 23 Exam",1441608,22,4.9,4,ğğğ¬ğ­ğğ®ğ²,250.0,13.0,217.0,22,False,"Police Exams - 579
",274,452 ,,"https://m.media-amazon.com/images/S/aplus-media-library-service-media/9ba0c484-da06-434d-8536-9ff7b02c87a2.__CR0,87,3600,2227_PT0_SX970_V1___.jpg","Book Structure-15 solved practice sets2 previous years solved papers (2021, 2017)Â Book Key Features-Based on the previous yearsâ€™ paper pattern.Includes a collection of very important questions.Analytical chart of 2021 and 2017 question papers.Â Why is this book the best?This book includes very important questions that will be asked in one form or the other.If you practice these papers then you can accurately estimate your readiness for the exam up to 90%.We assure you that â€˜paper pakka fasegaâ€™ from this book.These papers are a sample of the real exam, so make a timed attempt while solving these papers and learn time management.  Read more","https://m.media-amazon.com/images/I/51-KS00snEL._SX621_BO1,204,203,200_.jpg",False,Agrawal Examcart,https://adcpub.s3.ap-south-1.amazonaws.com/adc/DetailedCB10450.jpg,CB1045,259.00,"Examcart Uttar Pradesh Sub Inspector (SI) (Civil Police, Platoon Commander, PAC & Fire Brigade Officer) Practice Sets in Hindi For 2022 23 Exam",Police Exams,Active & Starred,"Police Exams - 579
",1441608,04-03-2023,Single,Paperback â€“ 19 August 2022
04-03-2023,9355615477,Examcart Madhya Pradesh (MP) Practice Sets and Solved Paper in Hindi General Studies (samanya adhyayan) & Aptitude Test For All MPPSC Entrance Exams 2023,232644,24,5.0,0,,,,,24,False,"Madhya Pradesh Public Service Commission (MPPSC) - 185
UPSC Civil Services - 2607
",390,452 ,21 x 1 x 27 cm,"https://m.media-amazon.com/images/S/aplus-media-library-service-media/3eb2bde6-b2a0-4a43-81e2-7ff5b243ecba.__CR0,87,3600,2227_PT0_SX970_V1___.jpg","BookÂ Structure-20 General Studies Practice Sets10 (CSAT) Aptitude Test Practice Sets2 Previous Yearsâ€™ Solved Papers (2022, 2021)Â Book Key Features-Analysis chart of last 9 years MPPSC (Pre) exams.Based on the latest syllabus and exam pattern.Â Why is this book the best?You can accurately estimate your readiness for the exam upto 90%.These practice papers include very important questions that will appear in your exam in one form or the other.These papers are a sample of the actual the actual exam.You must practice these papers before the exam because only practice brings perfection.  Read more","https://m.media-amazon.com/images/I/511vAVzEbxL._SX387_BO1,204,203,200_.jpg",False,Agrawal Examcart,https://adcpub.s3.ap-south-1.amazonaws.com/adc/1200X1200CB10390.jpg,CB1039,319.00,Examcart Madhya Pradesh (MP) Practice Sets and Solved Paper in Hindi General Studies (samanya adhyayan) & Aptitude Test For All MPPSC Entrance Exams 2023,"Madhya Pradesh Public Service Commission (MPPSC)
State Public Service Exams",Active & Starred,"Madhya Pradesh Public Service Commission (MPPSC) - 185
UPSC Civil Services - 2607
",232644,04-03-2023,Single,Paperback â€“ 24 July 2022
04-03-2023,9355615418,Examcart Agniveer Indian Navy Senior Secondary Recruitment (SSR) Practice Sets (Model Papers) For Online Exam 2022,292070,36,5.0,8,ğğğ¬ğ­ğğ®ğ²,269.0,33.0,181.0,36,False,"Navy Exams - 76
",258,444 ,21 x 1 x 27 cm,"https://m.media-amazon.com/images/S/aplus-media-library-service-media/92c57ed2-a641-4ca0-b440-f3a78554b789.__CR0,87,3600,2227_PT0_SX970_V1___.jpg","BOOK DETAILSÂ Book Type-Â Model PapersÂ Book Medium-Â à¤¹à¤¿à¤‚à¤¦à¥€Subjects Covered-Â à¤…à¤‚à¤—à¥à¤°à¥‡à¤œà¥€, à¤¸à¤¾à¤®à¤¾à¤¨à¥à¤¯ à¤œà¥à¤à¤¾à¤¨, à¤¤à¤°à¥à¤•à¤¶à¤•à¥à¤¤à¤¿, à¤¸à¤¾à¤®à¤¾à¤¨à¥à¤¯ à¤µà¤¿à¤œà¥à¤à¤¾à¤¨, à¤—à¤£à¤¿à¤¤Exam Board-Â Indian NavyExam Category-Â Senior Secondary Recruit (SSR)Price-Â â‚¹269Pages-Â 258Â BOOK STRUCTURESubjects covered in this book are English, General Knowledge, Reasoning, General Science, and Mathematics.Â Assess your exam preparation up to 90% by solving these model papers.Â BOOK KEY FEATURES25 Model Papers included.Â Based on AGNIVEER SSR Syllabus and Exam Pattern.Â Â WHY IS THIS BOOK BEST?Â Practice from these Model Papers and strengthen your weaker sections.Â Helps to learn time management and complete the exam with 100% accuracy.Clear all your Subject's concepts by practicing these objective questions.Lots of exam-related very important questions are covered for sufficient practice.Boost your Chances of cracking the exam up to 90% by Practicing these questions.  Read more","https://m.media-amazon.com/images/I/61ilRus2etL._SX620_BO1,204,203,200_.jpg",False,Agrawal Examcart,https://adcpub.s3.ap-south-1.amazonaws.com/adc/CB1036RCB10360.jpg,CB1036,269.00,Examcart Agniveer Indian Navy Senior Secondary Recruitment (SSR) Practice Sets (Model Papers) For Online Exam 2022,Navy Exams,Active & Starred,"Navy Exams - 76
",292070,04-03-2023,Single,Paperback â€“ 18 July 2022
04-03-2023,9355614853,Examcart Agniveer Indian Army NER Clerk/ SKT Practice Sets in Hindi for 2022 Exams,13636,20,4.9,7,Cocoblu Retail,159.0,31.0,109.0,19,False,"Army Exams - 33
",176,319 ,,"https://m.media-amazon.com/images/S/aplus-media-library-service-media/63ff7195-2cbb-45e6-9d2f-6d928f5c8673.__CR0,87,3600,2227_PT0_SX970_V1___.jpg",BOOK DETAILSÂ Book Type-Â Practice SetsBook Medium-Â HindiÂ No. of Practice Sets-Â 40 Practice SetsExam Board-Â Indian Army Agniveer RecruitmentExam Category-Â Recruitment ExamPrice-Â â‚¹159Pages-Â 176Â BOOK STRUCTURESubjects covered in this book are- à¤¸à¤¾à¤®à¤¾à¤¨à¥à¤¯ à¤œà¥à¤à¤¾à¤¨ | à¤¸à¤¾à¤®à¤¾à¤¨à¥à¤¯ à¤µà¤¿à¤œà¥à¤à¤¾à¤¨ | à¤—à¤£à¤¿à¤¤ | General English.40 Practice Sets.Â Â BOOK KEY FEATURESIf you are applying for Sainik Clerk / Store Keeper Technical then you must solve these practice papers.These are designed as per the previous year's papers for your 100% accurate preparation.These are based on the latest syllabus and exam pattern.It includes syllabus and exam pattern for the year 2022.It will help you accurately estimate your exam score up to 90% accuracy.The answers are explained in detail for in-depth understanding.Â WHY THIS BOOK IS BEST?Â Whatâ€™s better than practicing important questions beforehand? Right! All are covered in this book.Practice these papers and you will find the actual exam very easy.Lots of exam-related very important questions are covered for sufficient practice.Saves you lots of time in your exam preparation as your revision is done through practice papers.Itâ€™s your choice whether you want to work hard or smart. We suggest you work smart by practicing papers from this book. Since these papers are designed in a way that youâ€™ll surely ace the exam.Â Tip: Donâ€™t appear for Agniveer Sainik Clerk/Store Keeper Technical Recruitment Exam without practicing these papers.  Read more,"https://m.media-amazon.com/images/I/51Mz+GyqisL._SX620_BO1,204,203,200_.jpg",False,Agrawal Examcart,https://adcpub.s3.ap-south-1.amazonaws.com/adc/DetailedCB10210.jpg,CB1021,159.00,Examcart Agniveer Indian Army NER Clerk/ SKT Practice Sets in Hindi for 2022 Exams,"Army Exams
Defence
",Active & Starred,"Army Exams - 33
",13636,04-03-2023,Single,Paperback â€“ 14 July 2022
04-03-2023,9355614837,Examcart Agniveer Indian Army NER GD (General Duty) Practice Sets Book in English And Hindi for 2022 Exams,3531,33,4.4,4,Cocoblu Retail,199.0,33.0,134.0,21,False,"Army Exams - 13
",220,368 ,,"https://m.media-amazon.com/images/S/aplus-media-library-service-media/f281048a-d954-4b97-8463-1f6251609965.__CR0,87,3600,2227_PT0_SX970_V1___.jpg","BOOK DETAILSÂ Book Type-Â Practice SetsBook Medium-Â BilingualÂ (Hindi and English)No. of Practice Sets-Â 20 Solved Papers + 20 Practice SetsExam Board-Â Indian Army Agniveer RecruitmentExam Category-Â Recruitment ExamPrice-Â â‚¹199Pages-Â 220Â BOOK STRUCTURESubjects covered in this book are- à¤¸à¤¾à¤®à¤¾à¤¨à¥à¤¯ à¤œà¥à¤à¤¾à¤¨ | à¤¸à¤¾à¤®à¤¾à¤¨à¥à¤¯ à¤µà¤¿à¤œà¥à¤à¤¾à¤¨ | à¤—à¤£à¤¿à¤¤ | à¤¤à¤°à¥à¤•à¤¶à¤•à¥à¤¤à¤¿.20 Practice Sets.Â 20 Previous Years Solved Papers (2020-2021).Â BOOK KEY FEATURESThese are designed as per the previous year's papers for your 100% accurate preparation.These are based on the latest syllabus and exam pattern.It includes syllabus and exam pattern for the year 2022.It will help you accurately estimate your exam score up to 90% accuracy.The answers are explained in detail for in-depth understanding.Â WHY THIS BOOK IS BEST?Â Practice these papers and you will find the actual exam very easy.If you practice these papers, then no one can stop you from cracking the exam.Lots of exam-related very important questions are covered for sufficient practice.Saves you lots of time in your exam preparation as your revision is done through practice papers.Tip: It is not advisable to appear for Agniveer General Duty Recruitment Exam without practicing these papers.  Read more","https://m.media-amazon.com/images/I/41GIxJ0eIqL._SY498_BO1,204,203,200_.jpg",False,Agrawal Examcart,https://adcpub.s3.ap-south-1.amazonaws.com/adc/CB1019RCB10190.jpg,CB1019,199.00,Examcart Agniveer Indian Army NER GD (General Duty) Practice Sets Book in English And Hindi for 2022 Exams,"Army Exams
Defence
",Active & Starred,"Army Exams - 13
",3531,04-03-2023,Single,Paperback â€“ 14 July 2022
04-03-2023,9355610300,Examcart All TGT Commerce (Vanijya) Solved Practice Sets And Solved Papers Book For 2022 Exams in Hindi,326151,38,5.0,2,Cocoblu Retail,239.0,38.0,148.0,38,False,"Teacher Recruitment Exams - 2665
",268,400 ,27 x 1 x 27 cm,"https://m.media-amazon.com/images/S/aplus-media-library-service-media/6a4c865d-5af9-4adb-9be6-581dad502b0c.__CR0,87,3600,2227_PT0_SX970_V1___.jpg","BOOK DETAILSâ†’ Title â€“TGT Vanijya (Commerce) Practice Sets And Solved Papers Book 2022â†’ Book Type - Solved Practice Papers (Exam Specific)â†’ Book Medium- Hindiâ†’Â  Subjects Covered- Commerceâ†’ No. of Practice Papers â€“ 15 Practice Sets + 5 Previous Yearsâ€™ Solved Papersâ†’ Exam Board -Â Uttar Pradesh Secondary Education Service Selection Board (UPSESSB)â†’ Exam Category â€“ UP Trained Graduate Teachers (TGT)â†’ Price- Rs 239â†’ Pages- 268Â BOOK STRUCTURE-15 solved practice sets5 previous yearsâ€™ solved papers-Â 2015, 2016, 2018 (LT. Grade), 2019, 2021Â KEY FEATURES OF THE BOOK-Designed as per the previous yearâ€™s paper patternImportant questions included in practice papersDetailed solutions are givenÂ WHY THIS BOOK IS THE BEST?Estimate your readiness for the exam by up to 90% with this book.If you practice these papers, then no one can stop you from cracking the exam.Take your preparation to another level by practicing these solved papers.Helps you to learn time management and complete the exam with 100% accuracy.Practice doesnâ€™t make you perfect... if youâ€™re doing it wrong. So, choose Agrawal ExamCart UP TGTÂ Vanijya (à¤µà¤¾à¤£à¤¿à¤œà¥à¤¯) Practice Sets for your excellent practice.  Read more","https://m.media-amazon.com/images/I/51hvBqVWuIL._SX620_BO1,204,203,200_.jpg",False,Agrawal Examcart,https://adcpub.s3.ap-south-1.amazonaws.com/adc/CB992RCB9920.jpg,CB992,239.00,Examcart All TGT Commerce (Vanijya) Solved Practice Sets And Solved Papers Book For 2022 Exams in Hindi,Teacher Recruitment Exams,Active,"Teacher Recruitment Exams - 2665
",326151,04-03-2023,Single,Paperback â€“ 27 July 2022
04-03-2023,935561358X,Examcart All PGT Shiksha shastra (Pedagogy) Practice Sets And Solved Papers Book For 2022 Exams in Hindi,136264,23,5.0,3,ğğğ¬ğ­ğğ®ğ²,229.0,34.0,152.0,23,False,"Teacher Recruitment Exams - 1103
",264,417 ,,"https://m.media-amazon.com/images/S/aplus-media-library-service-media/3dbcfcb6-b9eb-4bd7-b2d7-c896a138297c.__CR0,87,3600,2227_PT0_SX970_V1___.jpg","BOOK DETAILSÂ Book Type - Solved Practice PapersBook Medium- HindiSubjects Covered-Â PedagogyNo. of Practice Papers â€“Â 15 Practice Sets + 4 Previous Yearsâ€™ Solved PapersExam Board -Â Uttar Pradesh Secondary Education Service Selection Board (UPSESSB)Exam Category â€“Â UP Trained Post Graduate Teachers (PGT)Price-Â Rs 229Pages- 264Â KEY FEATURES OF THE BOOK-Â Designed as per the previous yearsâ€™ paper pattern.Important Questions are included in practice papers.Practice Papers include detailed solutions for better understanding.Â Previous year solved papers- 2021, 2019, 2016, and 2013.Â WHY IS THIS BOOK BEST?Â This book will help you estimate your readiness for the exam by up to 80%.Time yourself for 2 hours and practice papers from this book. Itâ€™ll help you learn time management and completion of exam with 100% accuracy.It is rightly said, â€œPractice makes a man perfectâ€. Therefore we have practice papers to make your exam preparation perfect.It is not advisable to appear for the UP PGT 2022 exam without practicing papers fromÂ PGTÂ à¤¶à¤¿à¤•à¥à¤·à¤¾à¤¶à¤¾à¤¸à¥à¤¤à¥à¤°Â Practice Sets.  Read more","https://m.media-amazon.com/images/I/51z23H1pGQL._SY798_BO1,204,203,200_.jpg",False,Agrawal Examcart,https://adcpub.s3.ap-south-1.amazonaws.com/adc/CB984FCB9840.jpg,CB984,229.00,Examcart All PGT Shiksha shastra (Pedagogy) Practice Sets And Solved Papers Book For 2022 Exams in Hindi,"Teacher Recruitment Exams
Language Learning & Teaching
Exam Preparation (Books)
",Active,"Teacher Recruitment Exams - 1103
",136264,04-03-2023,Single,Paperback â€“ 6 July 2022
04-03-2023,935561344X ,Examcart All PGT Rasayan Vigyan (Chemistry) Practice Sets And Solved Papers Book For 2022 Exams in Hindi,205288,23,5.0,2,ğğğ¬ğ­ğğ®ğ²,219.0,16.0,185.0,23,True,"Teacher Recruitment Exams - 1743
",258,14 ,,"https://m.media-amazon.com/images/S/aplus-media-library-service-media/69e709ba-0f91-4de2-96a1-51c1ae190600.__CR0,87,3600,2227_PT0_SX970_V1___.jpg","BOOK DETAILSÂ Book Type - Solved Practice PapersBook Medium- HindiSubjects Covered-Â ChemistryNo. of Practice Papers â€“Â 15 Practice Sets + 4 Previous Yearsâ€™ Solved PapersExam Board -Â Uttar Pradesh Secondary Education Service Selection Board (UPSESSB)Exam Category â€“Â UP Trained Post Graduate Teachers (PGT)Price-Â Rs 219Pages- 258Â KEY FEATURES OF THE BOOK-Â Designed as per the previous yearsâ€™ paper pattern.Important Questions are included in practice papers.Practice Papers include detailed solutions for better understanding.Â Previous year solved papers- 2021, 2016, 2013, and 2011.Â WHY IS THIS BOOK BEST?Â This book will help you estimate your readiness for the exam by up to 80%.Time yourself for 2 hours and practice papers from this book. Itâ€™ll help you learn time management and completion of exam with 100% accuracy.It is rightly said, â€œPractice makes a man perfectâ€. Therefore we have practice papers to make your exam preparation perfect.It is not advisable to appear for the UP PGT 2022 exam without practicing papers fromÂ PGTÂ à¤°à¤¸à¤¾à¤¯à¤¨ à¤µà¤¿à¤œà¥à¤à¤¾à¤¨Â  Practice Sets.  Read more","https://m.media-amazon.com/images/I/51ErcBSK6gL._SY798_BO1,204,203,200_.jpg",False,Agrawal Examcart,https://adcpub.s3.ap-south-1.amazonaws.com/adc/CB1002FCB10020.jpg,CB1002,219.00,Examcart All PGT Rasayan Vigyan (Chemistry) Practice Sets And Solved Papers Book For 2022 Exams in Hindi,"Teacher Recruitment Exams
Language Learning & Teaching
Exam Preparation (Books)
",Active,"Teacher Recruitment Exams - 1743
",205288,04-03-2023,Single,Paperback â€“ 6 July 2022
04-03-2023,9355614438,Examcart All PGT Kala (Arts) Practice Sets And Solved Papers Book For 2022 Exams in Hindi,251468,22,5.0,2,ğğğ¬ğ­ğğ®ğ²,199.0,15.0,169.0,22,False,"Teacher Recruitment Exams - 2121
",232,370 ,,"https://m.media-amazon.com/images/S/aplus-media-library-service-media/c7e96770-179f-4a8e-8d82-fcda0acbd685.__CR0,87,3600,2227_PT0_SX970_V1___.jpg","BOOK DETAILSÂ Book Type - Solved Practice PapersBook Medium- HindiSubjects Covered-Â ArtsNo. of Practice Papers â€“Â 15 Practice Sets + 4 Previous Yearsâ€™ Solved PapersExam Board -Â Uttar Pradesh Secondary Education Service Selection Board (UPSESSB)Exam Category â€“Â UP Trained Post Graduate Teachers (PGT)Price-Â Rs 199Pages- 232Â KEY FEATURES OF THE BOOK-Â Designed as per the previous yearsâ€™ paper pattern.Important Questions are included in practice papers.Practice Papers include detailed solutions for better understanding.Â Previous year solved papers- 2021, 2019, 2013, and 2011.Â WHY IS THIS BOOK BEST?Â This book will help you estimate your readiness for the exam by up to 80%.Time yourself for 2 hours and practice papers from this book. Itâ€™ll help you learn time management and completion of exam with 100% accuracy.It is rightly said, â€œPractice makes a man perfectâ€. Therefore we have practice papers to make your exam preparation perfect.It is not advisable to appear for the UP PGT 2022 exam without practicing papers fromÂ PGTÂ à¤•à¤²à¤¾Â Practice Sets.  Read more","https://m.media-amazon.com/images/I/51jKD54cyrL._SY798_BO1,204,203,200_.jpg",False,Agrawal Examcart,https://adcpub.s3.ap-south-1.amazonaws.com/adc/CB995FCB9950.jpg,CB995,199.00,Examcart All PGT Kala (Arts) Practice Sets And Solved Papers Book For 2022 Exams in Hindi,"Teacher Recruitment Exams
Language Learning & Teaching
Exam Preparation (Books)
",Active,"Teacher Recruitment Exams - 2121
",251468,04-03-2023,Single,Paperback â€“ 6 July 2022
04-03-2023,9355613466,Examcart Madhya Pradesh (MP) Police Constable Practice Sets + Solved Paper Book for 2023 Exams in Hindi,58574,22,5.0,6,Cocoblu Retail,199.0,40.0,119.0,22,False,"Police Exams - 73
",230,360 ,,"https://m.media-amazon.com/images/S/aplus-media-library-service-media/ed7bd10d-e364-461f-8084-dd3a12682b4e.__CR0,87,3600,2227_PT0_SX970_V1___.jpg","Book Structure-15 Practice Sets7 Previous Yearsâ€™ Solved Papers (2022, 2017)Â Book Key Features-Includes analytical chart of 2022 examBased on the latest syllabus and previous yearsâ€™ examsÂ Why is this book the best?This MP Police Constable practice set book is useful for GD, driver, Tradesman aspirants.You can improve on the weak topics beforehand and go 100% prepared for the MP Police Constable exams 2023.It includes new and very important questions for your sufficient practice.These practice sets will help you accurately estimate your readiness for the MP Police Constable exams up to 90%.Practice as many practice sets for MP Police Constable exams because only practice brings perfection.  Read more","https://m.media-amazon.com/images/I/41gVZoGpC+L._SY498_BO1,204,203,200_.jpg",False,Agrawal Examcart,https://adcpub.s3.ap-south-1.amazonaws.com/adc/DetailedCB9790.jpg,CB979,199.00,Examcart Madhya Pradesh (MP) Police Constable Practice Sets + Solved Paper Book for 2023 Exams in Hindi,"Police Exams
Madhya Pradesh Public Service Commission (MPPSC)",Active & Starred,"Police Exams - 73
",58574,04-03-2023,Single,Paperback â€“ 6 July 2022
04-03-2023,9355613571,Examcart All TGT Social Science (Samajik Vigyaan) Solved Practice Sets And Solved Papers Book For 2022 Exams in Hindi,30495,35,5.0,5,ğğğ¬ğ­ğğ®ğ²,449.0,31.0,309.0,33,False,"Teacher Recruitment Exams - 250
",538,815 ,21 x 2 x 27 cm,"https://m.media-amazon.com/images/S/aplus-media-library-service-media/97beb655-d350-4238-95b4-98cd5af115f2.__CR0,87,3600,2227_PT0_SX970_V1___.jpg","Title â€“TGT Samajik Vigyan (Social Science) Practice Sets And Solved Papers Book 2022â†’ Book Type - Solved Practice Papers (Exam Specific)â†’ Book Medium- Hindiâ†’Â Subjects Covered- Social ScienceÂ â†’ No. of Practice Papers â€“ 15 Practice Sets + 4 Previous Yearsâ€™ Solved Papersâ†’ Exam Board -Â Uttar Pradesh Secondary Education Service Selection Board (UPSESSB)â†’ Exam Category â€“ UP Trained Graduate Teachers (TGT)â†’ Price- Rs 379â†’ Pages- 494Â BOOK STRUCTURE-15 solved practice sets4 previous yearsâ€™ solved papers-Â 2011, 2013, 2019, 2021Â KEY FEATURES OF THE BOOK-Designed as per the previous yearâ€™s paper patternImportant questions included in practice papersDetailed solutions are givenÂ WHY THIS BOOK IS THE BEST?Estimate your readiness for the exam by up to 90% with this book.If you practice these papers, then no one can stop you from cracking the exam.Take your preparation to another level by practicing these solved papers.Helps you to learn time management and complete the exam with 100% accuracy.Practice doesnâ€™t make you perfect... if youâ€™re doing it wrong. So, choose Agrawal ExamCart UP TGT Samajik Vigyaan (à¤¸à¤¾à¤®à¤¾à¤œà¤¿à¤•Â à¤µà¤¿à¤œà¥à¤à¤¾à¤¨) Practice Sets for your excellent practice.  Read more","https://m.media-amazon.com/images/I/512+AcREgVL._SY798_BO1,204,203,200_.jpg",False,Agrawal Examcart,https://adcpub.s3.ap-south-1.amazonaws.com/adc/CB983FCB9830.jpg,CB983,449.00,Examcart All TGT Social Science (Samajik Vigyaan) Solved Practice Sets And Solved Papers Book For 2022 Exams in Hindi,"Teacher Recruitment Exams
Language Learning & Teaching
Exam Preparation (Books)
",Active,"Teacher Recruitment Exams - 250
",30495,04-03-2023,Single,Paperback â€“ 4 July 2022
04-03-2023,9355613644,Examcart All PGT Vanijya (Commerce) Practice Sets And Solved Papers Book For 2022 Exams in Hindi,161577,34,4.7,3,All in one book shop,229.0,10.0,207.0,32,False,"Teacher Recruitment Exams - 1360
",264,350 ,,"https://m.media-amazon.com/images/S/aplus-media-library-service-media/a39e10f4-550f-4bb5-b502-d1ba4dc04ec9.__CR0,87,3600,2227_PT0_SX970_V1___.jpg","BOOK DETAILSÂ Book Type - Solved Practice PapersÂ Book Medium- HindiSubjects Covered-Â CommerceNo. of Practice Papers â€“ 15 Practice Sets + 4 Previous Yearsâ€™ Solved PapersExam Board -Â Uttar Pradesh Secondary Education Service Selection Board (UPSESSB)Exam Category â€“ UP Trained Post Graduate Teachers (PGT)Price-Â Rs 229Pages-Â 264Â KEY FEATURES OF THE BOOK-Â Designed as per the previous yearsâ€™ paper pattern.Important Questions are included in practice papers.Practice Papers include detailed solutions for better understanding.Â Previous year solved papers- 2021, 2019, 2016, and 2013.Â WHY IS THIS BOOK BEST?This book will help you estimate your readiness for the exam by up to 80%.Time yourself for 2 hours and practice papers from this book. Itâ€™ll help you learn time management and completion of exam with 100% accuracy.It is rightly said, â€œPractice makes a man perfectâ€. Therefore we have practice papers to make your exam preparation perfect.It is not advisable to appear for the UP PGT 2022 exam without practicing papers fromÂ PGTÂ à¤µà¤¾à¤£à¤¿à¤œà¥à¤¯ Practice Sets.  Read more","https://m.media-amazon.com/images/I/51r4ClLrA2L._SY798_BO1,204,203,200_.jpg",False,Agrawal Examcart,https://adcpub.s3.ap-south-1.amazonaws.com/adc/CB996%20FCB9960.jpg,CB996,229.00,Examcart All PGT Vanijya (Commerce) Practice Sets And Solved Papers Book For 2022 Exams in Hindi,"""Teacher Recruitment Exams
""",Active,"Teacher Recruitment Exams - 1360
",161577,04-03-2023,Single,Paperback â€“ 29 June 2022
04-03-2023,9355614276,Examcart All PGT Arthashastra (Economics) Practice Sets And Solved Papers Book For 2022 Exams in Hindi,39439,36,4.9,7,Cocoblu Retail,259.0,15.0,220.0,35,False,"Teacher Recruitment Exams - 335
",298,350 ,,"https://m.media-amazon.com/images/S/aplus-media-library-service-media/8a1d3ef4-df8f-4919-aafe-08473b055551.__CR0,87,3600,2227_PT0_SX970_V1___.jpg","BOOK DETAILSÂ Book Type -Â Solved Practice PapersÂ Book Medium-Â HindiSubjects Covered-Â EconomicsNo. of Practice Papers â€“ 15 Practice Sets + 4 Previous Yearsâ€™ Solved PapersExam Board -Â Uttar Pradesh Secondary Education Service Selection Board (UPSESSB)Exam Category â€“ UP Trained Post Graduate Teachers (PGT)Price-Â Rs 259Pages-Â 298Â KEY FEATURES OF THE BOOK-Â Designed as per the previous yearsâ€™ paper pattern.Important Questions are included in practice papers.Practice Papers include detailed solutions for better understanding.Â Previous year solved papers- 2021, 2019, 2016, and 2013.Â WHY IS THIS BOOK BEST?This book will help you estimate your readiness for the exam by up to 80%.Time yourself for 2 hours and practice papers from this book. Itâ€™ll help you learn time management and completion of exam with 100% accuracy.It is rightly said, â€œPractice makes a man perfectâ€. Therefore we have practice papers to make your exam preparation perfect.It is not advisable to appear for the UP PGT 2022 exam without practicing papers fromÂ PGTÂ à¤…à¤°à¥à¤¥à¤¶à¤¾à¤¸à¥à¤¤à¥à¤°Â  Practice Sets.  Read more","https://m.media-amazon.com/images/I/514B9vWCigL._SY798_BO1,204,203,200_.jpg",False,Agrawal Examcart,https://adcpub.s3.ap-south-1.amazonaws.com/adc/CB986FCB9860.jpg,CB986,259.00,Examcart All PGT Arthashastra (Economics) Practice Sets And Solved Papers Book For 2022 Exams in Hindi,"""Teacher Recruitment Exams
""",Active,"Teacher Recruitment Exams - 335
",39439,04-03-2023,Single,Paperback â€“ 29 June 2022
04-03-2023,9355614322,Examcart All PGT Bhotik Vigyan (Physics) Practice Sets And Solved Papers Book For 2022 Exams in Hindi,294008,31,4.4,6,ğğğ¬ğ­ğğ®ğ²,259.0,47.0,137.0,30,False,"Teacher Recruitment Exams - 2446
",302,350 ,,"https://m.media-amazon.com/images/S/aplus-media-library-service-media/be4286bd-2736-4977-8ac9-aa3d526bda33.__CR0,87,3600,2227_PT0_SX970_V1___.jpg","BOOK DETAILSÂ Book Type - Solved Practice PapersÂ Book Medium- HindiSubjects Covered-Â PhysicsNo. of Practice Papers â€“ 15 Practice Sets + 4 Previous Yearsâ€™ Solved PapersExam Board -Â Uttar Pradesh Secondary Education Service Selection Board (UPSESSB)Exam Category â€“ UP Trained Post Graduate Teachers (PGT)Price-Â Rs 259Pages- 302Â KEY FEATURES OF THE BOOK-Â Designed as per the previous yearsâ€™ paper pattern.Important Questions are included in practice papers.Practice Papers include detailed solutions for better understanding.Â Previous year solved papers- 2021, 2016, 2013, and 2011.Â WHY IS THIS BOOK BEST?This book will help you estimate your readiness for the exam by up to 80%.Time yourself for 2 hours and practice papers from this book. Itâ€™ll help you learn time management and completion of exam with 100% accuracy.It is rightly said, â€œPractice makes a man perfectâ€. Therefore we have practice papers to make your exam preparation perfect.It is not advisable to appear for the UP PGT 2022 exam without practicing papers fromÂ PGTÂ à¤­à¥Œà¤¤à¤¿à¤• à¤µà¤¿à¤œà¥à¤à¤¾à¤¨Â  Practice Sets.  Read more","https://m.media-amazon.com/images/I/51ZpQmqGbbL._SY798_BO1,204,203,200_.jpg",True,Agrawal Examcart,https://adcpub.s3.ap-south-1.amazonaws.com/adc/CB1004%20(F)CB10040.jpg,CB1004,259.00,Examcart All PGT Bhotik Vigyan (Physics) Practice Sets And Solved Papers Book For 2022 Exams in Hindi,"""Teacher Recruitment Exams
""",Active,"Teacher Recruitment Exams - 2446
",294008,04-03-2023,Single,Paperback â€“ 29 June 2022
04-03-2023,9355614411,Examcart All PGT Jeev Vigyan (Biology) Practice Sets And Solved Papers Book For 2022 Exams in Hindi,137074,36,4.8,6,Cocoblu Retail,249.0,29.0,177.0,33,False,"Teacher Recruitment Exams - 1113
JEE - 1225
",288,350 ,,"https://m.media-amazon.com/images/S/aplus-media-library-service-media/13c0342d-8e57-4105-8338-7bbd05e2c3b9.__CR0,87,3600,2227_PT0_SX970_V1___.jpg","BOOK DETAILSÂ Book Type - Solved Practice PapersÂ Book Medium-Â HindiSubjects Covered-Â BiologyNo. of Practice Papers â€“ 15 Practice Sets + 4 Previous Yearsâ€™ Solved PapersExam Board -Â Uttar Pradesh Secondary Education Service Selection Board (UPSESSB)Exam Category â€“Â UP Trained Post Graduate Teachers (PGT)Price-Â Rs 249Pages-Â 288Â KEY FEATURES OF THE BOOK-Â Designed as per the previous yearsâ€™ paper pattern.Important Questions are included in practice papers.Practice Papers include detailed solutions for better understanding.Â Previous year solved papers- 2021, 2016, 2013, and 2011.Â WHY IS THIS BOOK BEST?This book will help you estimate your readiness for the exam by up to 80%.Time yourself for 2 hours and practice papers from this book. Itâ€™ll help you learn time management and completion of exam with 100% accuracy.It is rightly said, â€œPractice makes a man perfectâ€. Therefore we have practice papers to make your exam preparation perfect.It is not advisable to appear for the UP PGT 2022 exam without practicing papers fromÂ PGT à¤œà¥€à¤µ à¤µà¤¿à¤œà¥à¤à¤¾à¤¨Â  Practice Sets.  Read more","https://m.media-amazon.com/images/I/51A9ON-jMtL._SY798_BO1,204,203,200_.jpg",True,Agrawal Examcart,https://adcpub.s3.ap-south-1.amazonaws.com/adc/CB1001FCB10010.jpg,CB1001,249.00,Examcart All PGT Jeev Vigyan (Biology) Practice Sets And Solved Papers Book For 2022 Exams in Hindi,"""Teacher Recruitment Exams
""",Active,"Teacher Recruitment Exams - 1113
JEE - 1225
",137074,04-03-2023,Single,Paperback â€“ 29 June 2022
04-03-2023,9355614330,Examcart All PGT Ganit (Mathematics) Practice Sets And Solved Papers Book For 2022 Exams in Hindi,271087,19,4.9,7,Cocoblu Retail,299.0,37.0,187.0,18,False,"Teacher Recruitment Exams - 2260
",380,630 ,,"https://m.media-amazon.com/images/S/aplus-media-library-service-media/6fc133fb-a5bd-4e12-8619-ce834c0abaa2.__CR0,87,3600,2227_PT0_SX970_V1___.jpg","BOOK DETAILSÂ Book Type -Â Solved Practice PapersÂ Book Medium- HindiSubjects Covered-Â MathematicsÂ No. of Practice Papers â€“ 15 Practice Sets + 4 Previous Yearsâ€™ Solved PapersExam Board -Â Uttar Pradesh Secondary Education Service Selection Board (UPSESSB)Exam Category â€“ UP Trained Post Graduate Teachers (PGT)Price- Rs 299Pages-Â 380Â KEY FEATURES OF THE BOOK-Â Designed as per the previous yearsâ€™ paper pattern.Important Questions are included in practice papers.Practice Papers include detailed solutions for better understanding.Â Previous year solved papers- 2021, 2019, 2016, and 2015.Â WHY IS THIS BOOK BEST?This book will help you estimate your readiness for the exam by up to 80%.Time yourself for 2 hours and practice papers from this book. Itâ€™ll help you learn time management and completion of exam with 100% accuracy.It is rightly said, â€œPractice makes a man perfectâ€. Therefore we have practice papers to make your exam preparation perfect.It is not advisable to appear for the UP PGT 2022 exam without practicing papers fromÂ PGTÂ à¤—à¤£à¤¿à¤¤ Practice Sets.  Read more","https://m.media-amazon.com/images/I/51qIRLSYjbL._SY798_BO1,204,203,200_.jpg",True,Agrawal Examcart,https://adcpub.s3.ap-south-1.amazonaws.com/adc/CB1000FCB10000.jpg,CB1000,299.00,Examcart All PGT Ganit (Mathematics) Practice Sets And Solved Papers Book For 2022 Exams in Hindi,"""Teacher Recruitment Exams
""",Active,"Teacher Recruitment Exams - 2260
",271087,04-03-2023,Single,Paperback â€“ 26 June 2022
04-03-2023,9355614349,Examcart All PGT Grah Vigyan (Home science) Practice Sets And Solved Papers Book For 2022 Exams in Hindi,47275,20,4.6,5,All in one book shop,199.0,28.0,144.0,17,False,"Teacher Recruitment Exams - 389
",230,400 ,,"https://m.media-amazon.com/images/S/aplus-media-library-service-media/a56d1dcd-9a47-4f51-aeb7-f0cc23e25a50.__CR0,87,3600,2227_PT0_SX970_V1___.jpg","BOOK DETAILSÂ Book Type -Â Solved Practice PapersÂ Book Medium-Â HindiSubjects Covered-Â Home ScienceÂ No. of Practice Papers â€“ 15 Practice Sets + 4 Previous Yearsâ€™ Solved PapersExam Board -Â Uttar Pradesh Secondary Education Service Selection Board (UPSESSB)Exam Category â€“ UP Trained Post Graduate Teachers (PGT)Price-Â Rs 199Pages-Â 230Â KEY FEATURES OF THE BOOK-Â Designed as per the previous yearsâ€™ paper pattern.Important Questions are included in practice papers.Practice Papers include detailed solutions for better understanding.Â Previous year solved papers- 2021, 2016, 2013, and 2009.Â WHY IS THIS BOOK BEST?This book will help you estimate your readiness for the exam by up to 80%.Time yourself for 2 hours and practice papers from this book. Itâ€™ll help you learn time management and completion of exam with 100% accuracy.It is rightly said, â€œPractice makes a man perfectâ€. Therefore we have practice papers to make your exam preparation perfect.It is not advisable to appear for the UP PGT 2022 exam without practicing papers fromÂ PGTÂ à¤—à¥ƒà¤¹ à¤µà¤¿à¤œà¥à¤à¤¾à¤¨ Practice Sets.  Read more","https://m.media-amazon.com/images/I/51egxS3dNcL._SY798_BO1,204,203,200_.jpg",True,Agrawal Examcart,https://adcpub.s3.ap-south-1.amazonaws.com/adc/CB999FCB9990.jpg,CB999,199.00,Examcart All PGT Grah Vigyan (Home science) Practice Sets And Solved Papers Book For 2022 Exams in Hindi,"""Teacher Recruitment Exams
""",Active,"Teacher Recruitment Exams - 389
",47275,04-03-2023,Single,Paperback â€“ 26 June 2022
04-03-2023,9355614403,Examcart All PGT Ithaas (History) Practice Sets And Solved Papers Book For 2022 Exams in Hindi,304711,36,4.9,5,ğğğ¬ğ­ğğ®ğ²,269.0,39.0,165.0,34,False,"Teacher Recruitment Exams - 2534
",320,480 ,,"https://m.media-amazon.com/images/S/aplus-media-library-service-media/d186173e-ba09-4e14-94d9-d8d6b9a49916.__CR0,87,3600,2227_PT0_SX970_V1___.jpg","BOOK DETAILSÂ Book Type - Solved Practice PapersÂ Book Medium- HindiSubjects Covered-Â HistoryNo. of Practice Papers â€“ 15 Practice Sets + 5 Previous Yearsâ€™ Solved PapersExam Board -Â Uttar Pradesh Secondary Education Service Selection Board (UPSESSB)Exam Category â€“Â UP Trained Post Graduate Teachers (PGT)Price-Â Rs 269Pages-Â 320Â KEY FEATURES OF THE BOOK-Â Designed as per the previous yearsâ€™ paper pattern.Important Questions are included in practice papers.Practice Papers include detailed solutions for better understanding.Â Previous year solved papers- 2021, 2019, 2016, and 2015.Â WHY IS THIS BOOK BEST?This book will help you estimate your readiness for the exam by up to 80%.Time yourself for 2 hours and practice papers from this book. Itâ€™ll help you learn time management and completion of exam with 100% accuracy.It is rightly said, â€œPractice makes a man perfectâ€. Therefore we have practice papers to make your exam preparation perfect.It is not advisable to appear for the UP PGT 2022 exam without practicing papers fromÂ PGTÂ à¤‡à¤¤à¤¿à¤¹à¤¾à¤¸ Practice Sets.  Read more","https://m.media-amazon.com/images/I/51e19jTFccL._SY798_BO1,204,203,200_.jpg",False,Agrawal Examcart,https://adcpub.s3.ap-south-1.amazonaws.com/adc/CB989FCB9890.jpg,CB989,269.00,Examcart All PGT Ithaas (History) Practice Sets And Solved Papers Book For 2022 Exams in Hindi,"""Teacher Recruitment Exams
""",Active,"Teacher Recruitment Exams - 2534
",304711,04-03-2023,Single,Paperback â€“ 26 June 2022
04-03-2023,9355613598,Examcart All PGT Samajsastra (Sociology) Practice Sets And Solved Papers Book For 2022 Exams in Hindi,63454,35,4.9,5,Cocoblu Retail,239.0,47.0,127.0,33,False,"Teacher Recruitment Exams - 506
",284,490 ,,"https://m.media-amazon.com/images/S/aplus-media-library-service-media/a8cd1d9c-ee2a-4c2d-bf67-6d98deecdafa.__CR0,87,3600,2227_PT0_SX970_V1___.jpg","BOOK DETAILSÂ Book Type - Solved Practice PapersÂ Book Medium-Â HindiSubjects Covered-Â SociologyNo. of Practice Papers â€“Â 15 Practice Sets + 4 Previous Yearsâ€™ Solved PapersExam Board -Â Uttar Pradesh Secondary Education Service Selection Board (UPSESSB)Exam Category â€“ UP Trained Post Graduate Teachers (PGT)Price-Â Rs 239Pages- 284Â KEY FEATURES OF THE BOOK-Â Designed as per the previous yearsâ€™ paper pattern.Important Questions are included in practice papers.Practice Papers include detailed solutions for better understanding.Â Previous year solved papers- 2021, 2016, 2013, and 2011.Â WHY IS THIS BOOK BEST?This book will help you estimate your readiness for the exam by up to 80%.Time yourself for 2 hours and practice papers from this book. Itâ€™ll help you learn time management and completion of exam with 100% accuracy.It is rightly said, â€œPractice makes a man perfectâ€. Therefore we have practice papers to make your exam preparation perfect.It is not advisable to appear for the UP PGT 2022 exam without practicing papers fromÂ PGTÂ à¤¸à¤®à¤¾à¤œà¤¶à¤¾à¤¸à¥à¤¤à¥à¤°Â Â Practice Sets.  Read more","https://m.media-amazon.com/images/I/518Bm2aI25L._SY798_BO1,204,203,200_.jpg",True,Agrawal Examcart,https://adcpub.s3.ap-south-1.amazonaws.com/adc/CB988FCB9880.jpg,CB988,239.00,Examcart All PGT Samajsastra (Sociology) Practice Sets And Solved Papers Book For 2022 Exams in Hindi,"""Teacher Recruitment Exams
""",Active,"Teacher Recruitment Exams - 506
",63454,04-03-2023,Single,Paperback â€“ 26 June 2022
04-03-2023,9355614446,Examcart All PGT Nagrik Shastra (Civics) Practice Sets And Solved Papers Book For 2022 Exams in Hindi,146480,33,4.9,6,ğğğ¬ğ­ğğ®ğ²,229.0,29.0,162.0,32,False,"Teacher Recruitment Exams - 1205
",229,420 ,,"https://m.media-amazon.com/images/S/aplus-media-library-service-media/126aec10-c6e0-4f6e-882b-52be1c2226b3.__CR0,87,3600,2227_PT0_SX970_V1___.jpg","BOOK DETAILSÂ Book Type - Solved Practice PapersÂ Book Medium-Â HindiSubjects Covered-Â CivicsNo. of Practice Papers â€“Â 15 Practice Sets + 4 Previous Yearsâ€™ Solved PapersExam Board -Â Uttar Pradesh Secondary Education Service Selection Board (UPSESSB)Exam Category â€“ UP Trained Post Graduate Teachers (PGT)Price-Â Rs 229Pages- 274Â KEY FEATURES OF THE BOOK-Â Designed as per the previous yearsâ€™ paper pattern.Important Questions are included in practice papers.Practice Papers include detailed solutions for better understanding.Â Previous year solved papers- 2021, 2016, 2013, and 2011.Â WHY IS THIS BOOK BEST?This book will help you estimate your readiness for the exam by up to 80%.Time yourself for 2 hours and practice papers from this book. Itâ€™ll help you learn time management and completion of exam with 100% accuracy.It is rightly said, â€œPractice makes a man perfectâ€. Therefore we have practice papers to make your exam preparation perfect.It is not advisable to appear for the UP PGT 2022 exam without practicing papers fromÂ PGTÂ Â à¤¨à¤¾à¤—à¤°à¤¿à¤•à¤¶à¤¾à¤¸à¥à¤¤à¥à¤° Practice Sets.  Read more","https://m.media-amazon.com/images/I/51u2MhbS68L._SY798_BO1,204,203,200_.jpg",False,Agrawal Examcart,https://adcpub.s3.ap-south-1.amazonaws.com/adc/CB987FCB9870.jpg,CB987,229.00,Examcart All PGT Nagrik Shastra (Civics) Practice Sets And Solved Papers Book For 2022 Exams in Hindi,"""Teacher Recruitment Exams
""",Active,"Teacher Recruitment Exams - 1205
",146480,04-03-2023,Single,Paperback â€“ 26 June 2022
04-03-2023,9355614268,Examcart PGT Bhugol (Geography) Practice Sets And Solved Papers Book For 2022 Exam in Hindi,361391,37,4.7,9,Cocoblu Retail,209.0,26.0,154.0,35,False,"Teacher Recruitment Exams - 2923
",250,430 ,,"https://m.media-amazon.com/images/S/aplus-media-library-service-media/a879ff89-1826-45d7-b07d-821f45317c28.__CR0,87,3600,2227_PT0_SX970_V1___.jpg","BOOK DETAILSÂ Book Type - Solved Practice PapersBook Medium- HindiSubjects Covered-Â GeographyNo. of Practice Papers â€“Â 15 Practice Sets + 4 Previous Yearsâ€™ Solved PapersExam Board -Â Uttar Pradesh Secondary Education Service Selection Board (UPSESSB)Exam Category â€“Â UP Trained Post Graduate Teachers (PGT)Price-Â Rs 229Pages- 274Â KEY FEATURES OF THE BOOK-Â Designed as per the previous yearsâ€™ paper pattern.Important Questions are included in practice papers.Practice Papers include detailed solutions for better understanding.Â Previous year solved papers- 2021, 2019, 2016, and 2013.Â WHY IS THIS BOOK BEST?This book will help you estimate your readiness for the exam by up to 80%.Time yourself for 2 hours and practice papers from this book. Itâ€™ll help you learn time management and completion of exam with 100% accuracy.It is rightly said, â€œPractice makes a man perfectâ€. Therefore we have practice papers to make your exam preparation perfect.It is not advisable to appear for the UP PGT 2022 exam without practicing papers fromÂ PGTÂ Â à¤­à¥‚à¤—à¥‹à¤²Â Practice Sets.  Read more","https://m.media-amazon.com/images/I/51qx2Jt4OzL._SY798_BO1,204,203,200_.jpg",True,Agrawal Examcart,https://adcpub.s3.ap-south-1.amazonaws.com/adc/CB985FCB9850.jpg,CB985,209.00,Examcart PGT Bhugol (Geography) Practice Sets And Solved Papers Book For 2022 Exam in Hindi,"""Teacher Recruitment Exams
""",Active,"Teacher Recruitment Exams - 2923
",361391,04-03-2023,Single,Paperback â€“ 26 June 2022
04-03-2023,9355613504,Examcart All TGT Hindi Exams Practice Sets And Solved Papers Book For 2022,261756,32,4.9,5,Cocoblu Retail,139.0,11.0,124.0,32,False,"Teacher Recruitment Exams - 2195
",162,296 ,,"https://m.media-amazon.com/images/S/aplus-media-library-service-media/e42e16bf-b602-4084-9be2-59ba7553baea.__CR0,87,3600,2227_PT0_SX970_V1___.jpg","â†’Â â†’ Title â€“TGT Hindi Practice Sets And Solved Papers Book 2022â†’ Book Type - Solved Practice Papers (Exam Specific)â†’ Book Medium- Hindiâ†’Â  Subjects Covered- Hindiâ†’ No. of Practice Papers â€“ 15 Practice Sets + 5 Previous Yearsâ€™ Solved Papersâ†’ Exam Board -Â Uttar Pradesh Secondary Education Service Selection Board (UPSESSB)â†’ Exam Category â€“ UP Trained Graduate Teachers (TGT)â†’ Price- Rs 139â†’ Pages- 162Â BOOK STRUCTURE-15 solved practice sets5 previous yearsâ€™ solved papers-Â 2011, 2013, 2016, 2018Â  (LT. Grade), 2021Â KEY FEATURES OF THE BOOK-Designed as per the previous yearâ€™s paper patternImportant questions included in practice papersDetailed solutions are givenÂ WHY THIS BOOK IS THE BEST?Accurately estimate your readiness for the exam by up to 90% with this book.If you practice these papers, then no one can stop you from cracking the exam.Take your preparation to another level by practicing these solved papers.Helps you to learn time management and complete the exam with 100% accuracy.Practice doesnâ€™t make you perfect... if youâ€™re doing it wrong. So, choose Agrawal ExamCart UP TGT Hindi (à¤¹à¤¿à¤¨à¥à¤¦à¥€) Practice Sets for your excellent practice.  Read more","https://m.media-amazon.com/images/I/51Cmxp1lcTL._SY798_BO1,204,203,200_.jpg",False,Agrawal Examcart,https://adcpub.s3.ap-south-1.amazonaws.com/adc/CB980FCB9800.jpg,CB980,139.00,Examcart All TGT Hindi Exams Practice Sets And Solved Papers Book For 2022,"""Teacher Recruitment Exams
""",Active,"Teacher Recruitment Exams - 2195
",261756,04-03-2023,Single,Paperback â€“ 24 June 2022
04-03-2023,9355613261,Examcart All TGT English Exams Practice Sets And Solved Papers Book For 2022,155225,22,4.7,3,Cocoblu Retail,,,149.0,14,False,"Teacher Recruitment Exams - 1293
",170,310 ,,"https://m.media-amazon.com/images/S/aplus-media-library-service-media/beb62798-7cb6-4cdd-9d36-7a6d3d8c5036.__CR0,87,3600,2227_PT0_SX970_V1___.jpg","BOOK DETAILSâ†’ Title â€“TGT English Practice Sets And Solved Papers Book 2022â†’ Book Type - Solved Practice Papers (Exam Specific)â†’ Book Medium- Englishâ†’Â  Subjects Covered- Englishâ†’ No. of Practice Papers â€“ 15 Practice Sets + 5 Previous Yearsâ€™ Solved Papersâ†’ Exam Board -Â Uttar Pradesh Secondary Education Service Selection Board (UPSESSB)â†’ Exam Category â€“ UP Trained Graduate Teachers (TGT)â†’ Price- Rs 129â†’ Pages- 158Â BOOK STRUCTURE-15 solved practice sets5 previous yearsâ€™ solved papers-Â 2011, 2013, 2016, 2018 (LT. Grade), 2021Â KEY FEATURES OF THE BOOK-Designed as per the previous yearâ€™s paper patternImportant questions included in practice papersDetailed solutions are givenÂ WHY THIS BOOK IS THE BEST?Estimate your readiness for the exam by up to 90% with this book.If you practice these papers, then no one can stop you from cracking the exam.Take your preparation to another level by practicing these solved papers.Helps you to learn time management and complete the exam with 100% accuracy.Practice doesnâ€™t make you perfect... if youâ€™re doing it wrong. So, choose Agrawal ExamCart UP TGT English Practice Sets for your excellent practice.  Read more","https://m.media-amazon.com/images/I/51jxzy90B0L._SY798_BO1,204,203,200_.jpg",False,Agrawal Examcart,https://adcpub.s3.ap-south-1.amazonaws.com/adc/CB981FCB9810.jpg,CB981,149.00,Examcart All TGT English Exams Practice Sets And Solved Papers Book For 2022,"""Teacher Recruitment Exams
""",Active,"Teacher Recruitment Exams - 1293
",155225,04-03-2023,Single,Paperback â€“ 24 June 2022
04-03-2023,9355613482,Examcart All TGT Ganit (Mathematics) Exams Practice Sets And Solved Papers Book For 2022,54280,23,4.3,6,Cocoblu Retail,369.0,35.0,239.0,17,False,"Teacher Recruitment Exams - 428
",434,728 ,,"https://m.media-amazon.com/images/S/aplus-media-library-service-media/0bf1c460-a51b-46b8-b2b1-74d953dd1b39.__CR0,87,3600,2227_PT0_SX970_V1___.jpg","â†’ Title â€“TGT Ganit (Mathematics) Practice Sets And Solved Papers Book 2022â†’ Book Type - Solved Practice Papers (Exam Specific)â†’ Book Medium- Hindiâ†’Â  Subjects Covered- Mathematicsâ†’ No. of Practice Papers â€“ 15 Practice Sets + 5 Previous Yearsâ€™ Solved Papersâ†’ Exam Board -Â Uttar Pradesh Secondary Education Service Selection Board (UPSESSB)â†’ Exam Category â€“ UP Trained Graduate Teachers (TGT)â†’ Price- Rs 369â†’ Pages- 434Â BOOK STRUCTURE-15 solved practice sets5 previous yearsâ€™ solved papers-Â 2015, 2016, 2018 (LT. Grade), 2019, 2021Â KEY FEATURES OF THE BOOK-Designed as per the previous yearâ€™s paper patternImportant questions included in practice papersDetailed solutions are givenÂ WHY THIS BOOK IS THE BEST?Accurately estimate your readiness for the exam by up to 90% with this book.If you practice these papers, then no one can stop you from cracking the exam.Take your preparation to another level by practicing these solved papers.Helps you to learn time management and complete the exam with 100% accuracy.Practice doesnâ€™t make you perfect... if youâ€™re doing it wrong. So, choose Agrawal ExamCart UP TGT Ganit (à¤—à¤£à¤¿à¤¤) Practice Sets for your excellent practice.  Read more","https://m.media-amazon.com/images/I/51CDtGixG7L._SY798_BO1,204,203,200_.jpg",False,Agrawal Examcart,https://adcpub.s3.ap-south-1.amazonaws.com/adc/CB994FCB9940.jpg,CB994,369.00,Examcart All TGT Ganit (Mathematics) Exams Practice Sets And Solved Papers Book For 2022,"""Teacher Recruitment Exams
""",Active,"Teacher Recruitment Exams - 428
",54280,04-03-2023,Single,Paperback â€“ 24 June 2022
04-03-2023,9355613512,Examcart All TGT Jeev Vigyan (Biology) Exams Practice Sets And Solved Papers Book For 2022,654745,22,5.0,4,Mittal Books India,,,200.0,22,False,"JEE - 3348
Teacher Recruitment Exams - 4401
",234,389 ,,"https://m.media-amazon.com/images/S/aplus-media-library-service-media/00051c88-86de-4dc7-a3f9-7aba6f7a3557.__CR0,87,3600,2227_PT0_SX970_V1___.jpg","â†’ Title â€“TGT Jeev Vigyan (Biology)Â Practice Sets And Solved Papers Book 2022â†’ Book Type - Solved Practice Papers (Exam Specific)â†’ Book Medium- Hindiâ†’Â  Subjects Covered- Biologyâ†’ No. of Practice Papers â€“ 15 Practice Sets + 4 Previous Yearsâ€™ Solved Papersâ†’ Exam Board -Â Uttar Pradesh Secondary Education Service Selection Board (UPSESSB)â†’ Exam Category â€“ UP Trained Graduate Teachers (TGT)â†’ Price- Rs 209â†’ Pages- 234Â BOOK STRUCTURE-15 solved practice sets4 previous yearsâ€™ solved papers-Â 2015, 2016, 2018 (LT. Grade), 2021Â KEY FEATURES OF THE BOOK-Designed as per the previous yearâ€™s paper patternImportant questions included in practice papersDetailed solutions are givenÂ WHY THIS BOOK IS THE BEST?Estimate your readiness for the exam by up to 90% with this book.If you practice these papers, then no one can stop you from cracking the exam.Take your preparation to another level by practicing these solved papers.Helps you to learn time management and complete the exam with 100% accuracy.Practice doesnâ€™t make you perfect... if youâ€™re doing it wrong. So, choose Agrawal ExamCart UP TGT Jeev Vigyaan (à¤œà¥€à¤µ à¤µà¤¿à¤œà¥à¤à¤¾à¤¨) Practice Sets for your excellent practice.  Read more","https://m.media-amazon.com/images/I/51pjhHoj21L._SY798_BO1,204,203,200_.jpg",True,Agrawal Examcart,https://adcpub.s3.ap-south-1.amazonaws.com/adc/CB994RCB9910.jpg,CB991,209.00,Examcart All TGT Jeev Vigyan (Biology) Exams Practice Sets And Solved Papers Book For 2022,"Teacher Recruitment Exams
",Active,"JEE - 3348
Teacher Recruitment Exams - 4401
",654745,04-03-2023,Single,Paperback â€“ 24 June 2022
04-03-2023,9355610521,Examcart SSC CGL Complete Chapter-wise Objective Type Questions in Hindi,211624,20,5.0,1,Repro Books-On-Demand,,,699.0,19,False,"SSC Exam - 2064
Education (Books) - 10250
",700,450 ,,,Book Structure-Collection of 6000+ chapter-wise questionsSubjects included areÂ à¤¸à¤¾à¤®à¤¾à¤¨à¥à¤¯à¤…à¤§à¥à¤¯à¤¯à¤¨ |Â à¤—à¤£à¤¿à¤¤ |Â à¤¤à¤°à¥à¤•à¤¶à¤•à¥à¤¤à¤¿ | EnglishÂ Key Features of the Book-Collections of very important questions from 1999 â€“ 2022 question papers.Based on the latest syllabus and exam patternQuestions are explained with very detailed solutions.Â WHY THIS BOOK IS BEST?Have you mastered all the topics? Solve these unique questions to precisely evaluate your preparation.Whatâ€™s better than practicing important questions before the actual exam? Right! Thatâ€™s why weâ€™ve covered very important objective questions in this book.Practicing questions chapter-wise and topic-wise will help you analyse your weak topics which you can improve before appearing for the exam.Smart students work smart and not hard. So solve these chapter-wise objective questions to make sure you crack the exam.  Read more,"https://m.media-amazon.com/images/I/51ykE4KgSLL._SY798_BO1,204,203,200_.jpg",False,Agrawal Examcart,https://adcpub.s3.ap-south-1.amazonaws.com/adc/CB813%20FCB8130.jpg,CB813,699.00,Examcart SSC CGL Complete Chapter-wise Objective Type Questions in Hindi,SSC,Active & Starred,"SSC Exam - 2064
Education (Books) - 10250
",211624,04-03-2023,Repro,Paperback â€“ 8 June 2022
04-03-2023,9355612664,Examcart UP Police Constable Complete Study Guide Book for Exam 2022,252747,35,5.0,4,Mittal Books India,,,435.0,34,False,"Police Exams - 234
",632,20 ,,"https://m.media-amazon.com/images/S/aplus-media-library-service-media/87e47b52-e48c-41c9-ac29-254db39473aa.__CR0,87,3600,2227_PT0_SX970_V1___.jpg","DETAILS OF THE BOOK-Book Type- GuidebookBook Medium- HindiSubjects Covered- General Knowledge, General Science, General Hindi, Numerical Ability, Mental Ability, Mental Aptitude (Law), IQ, Reasoning AbilityExam Board- Uttar Pradesh Police Recruitment and Promotion BoardExam Category- UP PoliceÂ Price- â‚¹539Pages- 632STRUCTURE OF THE BOOK-It has 2100+ important chapter-wise questions.It has solved papers for the years 2019 and 2020.Syllabus and Theory based on Previous Yearâ€™s Question Papers.Â KEY FEATURES OF THE BOOK-It includes the Budget Report of 2022 and the Forest Report of 2021.It includes an analysis chart of the previous 12 years question papers.This book is useful for à¤•à¤¾à¤°à¥à¤¯à¤¶à¤¾à¤²à¤¾ à¤•à¤°à¥à¤®à¤šà¤¾à¤°à¥€,à¤¸à¤¹à¤¾à¤¯à¤• à¤ªà¤°à¤¿à¤šà¤¾à¤²à¤•, à¤¨à¤¾à¤—à¤°à¤¿à¤• à¤ªà¥à¤²à¤¿à¤¸,à¤ªà¥à¤°à¤¾à¤¦à¥‡à¤¶à¤¿à¤• à¤†à¤°à¥à¤²à¥à¤¡ à¤•à¤¾à¤‚à¤¸à¥à¤Ÿà¥‡à¤¬à¥à¤²à¤°à¥€(PAC), à¤œà¥‡à¤² à¤µà¤¾à¤°à¥à¤¡à¤° à¤«à¤¾à¤¯à¤°à¤®à¥ˆà¤¨,à¤˜à¥à¤¡à¤¼à¤¸à¤µà¤¾à¤°(à¤†à¤°à¤•à¥à¤·à¥€) aspirants.It includes the latest syllabus for workshop staff and assistant operators.Â WHY THIS BOOK IS BEST?If you study this book thoroughly, your chances of cracking the exam increase 10 times.The analysis chart will help you in deciding your preparation strategy.Designed as per the previous years' paper pattern will help you in getting a better understanding of the upcoming exam.Itâ€™s your choice, whether you want to study hard or study smart. Tip: Choose study smart with Examcart Guidebook.  Read more","https://m.media-amazon.com/images/I/616wZN-IJ+L._SY798_BO1,204,203,200_.jpg",True,Agrawal Examcart,https://adcpub.s3.ap-south-1.amazonaws.com/adc/DetailedCB9640.jpg,CB964,539.00,Examcart UP Police Constable Complete Study Guide Book for Exam 2022,Police Exams,Active & Starred,"Police Exams - 234
",252747,04-03-2023,Single,Paperback â€“ 6 June 2022
04-03-2023,9355614721,Examcart UP Police Constable Latest Solved Papers With Practice Sets Book For 2022 Exam,205678,32,5.0,6,Cocoblu Retail,239.0,21.0,189.0,31,False,"Police Exams - 201
",278,445 ,,"https://m.media-amazon.com/images/S/aplus-media-library-service-media/a0cd12a0-c7b3-41f3-9f4c-0b8454ebbf72.__CR0,87,3600,2227_PT0_SX970_V1___.jpg","BOOK DETAILSBook Type- Practice setsBook Medium- à¤¹à¤¿à¤‚à¤¦à¥€No. of Practice Sets- 12 + 10Â Exam Board- Uttar Pradesh Police Recruitment and Promotion BoardExam Category- Entrance ExamPrice- â‚¹239Pages- 278BOOK STRUCTURESubjects covered in this book are General Knowledge, Hindi, Numerical Ability, and Reasoning Ability.12 Solved Papers (18 & 19 June 2018, 25 & 26 Oct 2018, 27 Jan 2019, 19 & 20 Dec 2020).10 Practice Sets.Analysis chart of 12 previous years papers and All Papers ofÂ  U.P. Jail Warder 2020.Syllabus-wise important questions of Workshop Staff and Assistant Operator included.Â BOOK KEY FEATURESIt is useful for all competitive exams of UP Police.Â Practice Sets as per syllabus and latest exam pattern.Â Â WHY THIS BOOK IS BEST ?Â Practice wonâ€™t make you Perfect, if youâ€™re doing it wrong. So, choose Agrawal Examcart for you Practice with the best strategy.Solve these papers because they will also help you identify your weaker sections.Smart students work smart and not hard. So solve these papers and crack the exam.Knowledge is of no value unless you put it into practice. Then do it and make your dreams come true.Lots of exam-related very important questions are covered for sufficient practice.  Read more","https://m.media-amazon.com/images/I/51-ENnC5rzL._SY498_BO1,204,203,200_.jpg",True,Agrawal Examcart,https://adcpub.s3.ap-south-1.amazonaws.com/adc/DetailedCB9590.jpg,CB959,239.00,Examcart UP Police Constable Latest Solved Papers With Practice Sets Book For 2022 Exam,Police Exams,Active & Starred,"Police Exams - 201
",205678,04-03-2023,Single,Paperback â€“ 5 April 2022
04-03-2023,935561313X  ,Examcart UPPSC LT Grade General Studies Practice Sets and Solved Paper for 2022 Exam,820405,26,5.0,3,"Book zone, india",,,98.0,26,True,"Teacher Recruitment Exams - 4960
",116,220 ,,"https://m.media-amazon.com/images/S/aplus-media-library-service-media/8e4226f6-eba6-49a8-b8a8-84894b852124.__CR0,87,3600,2227_PT0_SX970_V1___.jpg","DETAILS OF THE BOOK-Book Type- Practice SetsBook Medium- HindiSubjects Covered- General StudiesExam Board- Uttar Pradesh Public Service CommissionExam Category- Entrance ExamPrice- Rs. 99Pages- 116BOOK STRUCTUREThe subject covered in this book is General Studies.Compulsory for all subjects.30 Practice Sets1 Solved Paper (2018)Â UPPSC LT Grade (General Studies) 2018 Question Paper analytical chart.Â BOOK KEY FEATURESPractice sets as per the syllabus and exam pattern.Based on the previous year's paper and the latest syllabus.By solving these, you can estimate your level of preparation for the exam.Â WHY THIS BOOK IS BEST?Â Practice these General Studies papers and you will find the actual exam very easy.Whatâ€™s better than practicing important questions beforehand? Right! All are covered in this book.If you practice these papers then no one can stop you from cracking the exam.Solve these papers because they will also help you identify your weaker sections.Smart students work smart and not hard. So, solve these papers and crack the exam.  Read more","https://m.media-amazon.com/images/I/61jVKPMNHLL._SX620_BO1,204,203,200_.jpg",True,Agrawal Examcart,https://adcpub.s3.ap-south-1.amazonaws.com/adc/CB954%20FCB9540.jpg,CB954,99.00,Examcart UPPSC LT Grade General Studies Practice Sets and Solved Paper for 2022 Exam,"Teacher Recruitment Exams
",Active & Starred,"Teacher Recruitment Exams - 4960
",820405,04-03-2023,Single,Paperback â€“ 26 May 2022
